Date,0001.HK,0002.HK,0003.HK,0005.HK,0006.HK,0011.HK,0012.HK,0016.HK,0017.HK,0019.HK,0027.HK,0066.HK,0083.HK,0101.HK,0151.HK,0175.HK,0267.HK,0288.HK,0386.HK,0388.HK,0688.HK,0700.HK,0762.HK,0823.HK,0836.HK,0857.HK,0883.HK,0939.HK,0941.HK,1038.HK,1044.HK,1088.HK,1093.HK,1109.HK,1113.HK,1177.HK,1299.HK,1398.HK,1928.HK,1997.HK,2003.HK,2018.HK,2313.HK,2318.HK,2319.HK,2382.HK,2388.HK,2628.HK,3328.HK,3988.HK
2009-03-31,39.062656,34.340206,4.467821,35.295654,30.778023,55.59449,14.761191,58.762272,5.919031,42.997334,1.87,14.913992,6.184294,16.323771,3.475616,0.948944,8.743911,NaN,2.898367,68.002716,10.617261,12.641003,7.632427,9.763927,12.007929,5.124278,5.865393,2.820964,46.687328,21.161716,24.206642,14.646207,3.105418,11.198774,NaN,0.217135,NaN,2.729646,NaN,NaN,NaN,3.424889,1.899746,20.443045,6.220466,0.596341,7.35034,23.411417,3.506087,1.587361
2009-04-30,46.371819,34.780106,4.825245,44.159847,28.022783,71.258514,19.219368,70.223648,8.539264,54.762424,2.43,18.931013,9.003033,19.396046,3.416333,1.355634,13.628861,NaN,2.96511,91.698853,12.681746,15.828734,8.174526,9.802592,11.335505,6.640646,6.884584,3.145505,52.514565,20.175814,26.332672,17.339756,3.520539,14.357403,NaN,0.286929,NaN,2.986702,NaN,NaN,NaN,5.177914,2.309495,22.655949,7.330304,0.775243,8.201014,24.393126,3.967263,1.904834
2009-05-31,44.555496,34.2799,5.217592,42.372147,29.94754,70.745872,18.254303,70.441963,8.200038,56.490158,2.04,17.928558,8.038868,18.98888,3.927439,1.28021,12.265975,NaN,2.817327,92.619675,14.039949,16.856211,9.019583,10.666814,12.105723,6.543046,6.618867,3.750889,54.883884,19.697683,27.402571,19.640631,3.3334,13.784142,NaN,0.281672,NaN,3.424954,NaN,NaN,NaN,5.11597,2.762041,22.107996,8.08213,0.777898,9.025104,24.608992,4.91101,2.01978
2009-06-30,50.056175,35.500561,5.550491,49.762253,29.70435,81.714691,21.026327,85.79657,10.820356,62.883251,2.36,21.668495,9.904595,21.024723,4.14264,1.728284,16.921225,NaN,3.392884,112.187187,14.913566,19.493196,10.004807,11.646249,14.078871,7.007146,7.176753,3.960521,57.57151,20.458073,34.045593,21.773239,3.692639,15.196255,NaN,0.334193,NaN,3.539121,NaN,NaN,NaN,6.202181,4.867208,28.999617,8.305888,0.795379,10.978992,29.660313,5.391374,2.191865
2009-07-31,45.980648,34.961643,5.371242,53.053928,30.08651,71.459816,18.706028,76.336395,9.147536,58.404469,2.29,20.087694,8.289342,17.878416,3.694302,1.709995,15.849294,NaN,3.154013,103.59285,12.292788,21.48724,9.754238,11.288937,13.285398,6.512612,7.011455,3.707043,53.327915,20.421864,32.384842,21.498066,3.533906,13.013899,NaN,0.325507,NaN,3.355188,NaN,NaN,NaN,5.323262,5.658624,24.447351,8.216386,0.795379,10.327693,28.23558,5.165319,2.140755
2009-08-31,49.181049,35.433186,6.267512,58.079365,29.53063,73.18515,20.944193,83.104042,9.755878,65.808884,3.42,20.851065,8.690023,21.135763,4.08884,1.929459,15.581313,NaN,3.212513,109.185562,13.07279,23.499922,9.82583,11.394794,12.653431,6.664776,7.176753,3.922496,53.46936,20.059771,35.366638,23.286705,3.642512,13.623672,NaN,0.388442,NaN,3.704028,NaN,NaN,NaN,7.023057,6.157215,26.050528,8.878709,0.769158,11.297994,29.142229,5.334864,2.31679
2009-09-30,50.507038,35.446796,6.005032,56.335052,29.320314,73.054146,22.915424,87.106445,9.954684,69.830681,3.35,21.509926,9.428781,22.135181,4.121772,2.596997,15.611429,NaN,3.335895,108.641571,13.37495,25.549879,9.092024,11.77856,11.497077,7.405016,8.434367,4.315379,53.233395,20.324903,38.3694,24.559389,3.67593,15.340671,NaN,0.600822,NaN,3.989437,NaN,NaN,NaN,8.21062,6.592494,29.481577,9.845341,0.80412,12.33229,31.559954,5.426531,2.600707
2009-10-31,49.046703,35.75296,5.976614,58.596214,29.672726,74.298996,22.463629,83.613449,9.323042,64.702499,3.36,20.424742,9.426083,21.316107,4.867102,3.584588,15.804162,NaN,3.192361,107.398178,13.046014,26.705305,9.324696,12.943209,11.130751,7.405016,8.37823,4.372413,52.226265,21.057335,42.492691,26.072853,3.67593,14.468843,NaN,0.755439,NaN,4.154344,6.431127,NaN,NaN,9.046731,7.241455,30.625252,10.673244,0.917745,12.021278,33.502766,5.283578,2.481462
2009-11-30,50.507038,35.684929,6.333905,57.804268,29.74321,75.86647,24.220636,85.890999,9.341793,68.375893,3.22,20.851065,9.720663,23.048512,4.885063,3.90464,16.112537,NaN,3.429931,108.330734,12.842439,31.494738,9.199409,13.062292,10.877138,7.189037,8.588739,4.226665,52.406113,21.64327,44.287041,26.141647,3.600741,14.22743,NaN,0.836423,NaN,4.084577,6.534741,NaN,NaN,10.785846,8.119926,28.803835,12.485682,1.00515,11.96719,33.114201,5.169215,2.384925
2009-12-31,46.352695,36.074909,5.515373,54.054111,30.624228,72.162422,20.384314,74.074524,7.492145,61.72015,2.95,19.572094,8.24784,19.960312,4.471988,3.154803,12.766681,NaN,3.02408,102.813171,10.900417,27.059389,7.866035,12.760942,10.623523,6.787933,7.746706,3.789421,53.053555,21.203819,39.705627,22.977135,3.316691,11.330441,NaN,0.762816,NaN,3.615229,7.584723,NaN,NaN,10.735682,7.787532,25.754019,10.740373,1.22366,11.020633,29.919353,4.511629,2.129403
2010-01-31,47.687126,36.865116,5.677783,55.508919,30.624228,75.072754,21.752975,79.613503,8.335014,63.029488,2.98,20.851065,9.426083,22.332958,4.570766,3.566299,13.352587,NaN,3.014184,100.94809,12.325611,28.363903,8.331373,13.24969,10.863047,6.687656,8.588739,3.719722,55.103752,21.386927,40.736477,22.977135,3.467071,13.004256,NaN,0.846458,NaN,3.482038,7.736692,NaN,NaN,10.133678,8.262381,25.076281,10.359983,1.284843,11.831967,29.746658,4.883309,2.140755
2010-02-28,50.355988,38.136318,6.288434,51.144497,32.456749,71.567154,22.686083,86.260262,8.896904,67.93943,3.58,22.788895,9.7463,23.720041,4.947922,3.758331,14.30855,NaN,3.147817,100.714935,13.735191,29.034801,7.82129,12.991751,11.70842,7.003912,8.967653,4.030227,53.736958,22.009491,44.210682,23.080324,4.010106,13.583655,NaN,1.02044,NaN,3.754769,8.510361,NaN,NaN,10.852733,8.863858,28.337898,10.829875,1.547056,12.521602,32.121216,5.289299,2.350858
2010-03-31,48.870495,37.449169,6.171496,52.405685,32.351028,71.99366,20.67461,81.620483,8.229674,63.975105,3.7,21.605225,9.159752,21.59812,5.307117,3.090793,13.275495,NaN,3.113168,100.481804,12.043741,30.451132,8.787765,12.991751,11.215287,7.019339,9.71145,4.068244,55.57135,21.350306,45.966885,23.389896,4.787064,11.652329,NaN,1.157613,NaN,3.659628,8.85575,NaN,NaN,10.785846,8.151583,28.740307,10.583742,1.564537,12.778523,30.869175,5.163493,2.31679
2010-04-30,44.665768,38.299831,6.145515,46.093704,33.681004,69.706009,19.659595,76.412262,7.394661,62.520294,3.46,20.898144,8.256701,20.764505,5.527853,2.496409,10.962692,NaN,3.063677,94.358421,12.02805,27.991188,8.537197,12.733811,10.975763,6.579667,8.743111,3.992203,53.017582,21.230427,43.294426,21.601255,3.834663,11.84546,NaN,1.09739,NaN,3.659628,7.971557,NaN,NaN,9.230678,6.956545,26.537653,10.38236,1.477133,11.886056,30.212881,4.783673,2.285612
2010-05-31,47.100262,39.417046,7.08732,47.083309,33.753666,71.105766,19.51111,79.909218,7.59678,66.446609,4.24,20.937426,9.056514,22.848534,5.941993,2.210997,11.422345,NaN,3.142869,96.725266,11.495537,24.617397,9.593313,13.495175,12.770161,6.876991,9.53378,4.017548,57.360249,21.833776,49.06958,19.94285,4.105382,12.065998,NaN,1.023783,NaN,3.740636,8.082081,NaN,NaN,9.489531,7.358351,27.542671,11.411644,1.353594,12.470259,30.521183,5.059532,2.441176
2010-06-30,48.845676,40.426311,7.109307,51.684708,34.189678,73.145119,20.507864,84.894241,8.250645,70.478195,5.17,21.448095,9.482248,24.553652,5.473836,2.671622,12.519139,NaN,3.185125,100.748932,13.116484,28.239267,9.556907,14.395059,12.194928,6.900514,9.334271,4.312011,57.616974,21.946903,51.733471,20.922501,3.809027,13.435651,NaN,1.017666,NaN,3.884511,8.289312,NaN,NaN,11.692455,8.437796,27.542671,10.942536,1.415524,13.922565,30.345009,5.260936,2.521108
2010-07-31,51.007931,41.977104,6.874777,49.124783,34.334999,72.533325,20.189793,81.099678,7.418482,69.992905,6.0,21.840916,8.759845,26.334545,5.662899,2.349184,12.456466,NaN,3.134246,96.173004,13.116484,26.843336,9.757146,16.176628,12.338738,6.618219,9.576536,4.200779,58.057068,22.587965,53.239166,19.837889,3.486524,12.131219,NaN,0.907643,NaN,3.694864,8.344575,NaN,NaN,12.065258,7.383072,27.542671,9.741803,1.388982,14.278658,26.161011,5.035121,2.404278
2010-08-31,61.272003,43.668877,7.197256,51.704109,34.716434,78.357422,23.434555,99.700516,9.296833,79.810593,6.94,23.174747,10.359545,28.721704,6.482173,3.546808,13.866634,NaN,3.50059,122.403801,12.974236,31.993185,10.339662,16.390413,11.993599,7.080868,10.716597,4.449422,58.27713,23.488256,59.725159,22.461946,3.49524,12.864961,NaN,1.076109,NaN,3.779876,9.670863,NaN,NaN,14.335969,7.811553,33.898678,10.874571,1.450911,17.176279,26.997812,5.120564,2.502666
2010-09-30,61.903744,44.800556,6.823474,52.255524,36.262657,77.876701,23.650831,98.807663,9.094786,82.944641,7.3,23.29319,10.436956,28.759598,6.446623,4.025857,16.322613,NaN,3.79229,136.662888,12.954057,33.483425,10.030202,17.03178,10.737535,7.501832,11.625028,4.835475,58.96944,24.708427,56.833755,24.141346,3.782878,12.52938,NaN,1.064965,20.935255,4.080697,11.674114,NaN,NaN,15.967839,7.41603,35.893711,10.081634,1.627852,17.085686,29.922211,5.238567,2.853162
2010-10-31,60.225014,45.440559,7.041141,51.21756,36.778069,87.697121,23.474987,95.533928,9.166102,90.183449,7.89,22.62203,10.684006,27.789371,6.031876,3.933732,15.381985,NaN,3.750787,142.510696,11.857335,32.577965,9.520498,17.352459,9.82831,7.709549,12.189632,4.728291,57.84906,26.462423,55.743828,22.846811,3.75673,11.414198,NaN,1.082422,20.390301,4.02598,11.535961,NaN,NaN,18.292917,6.723869,38.538956,10.036322,2.052509,18.976196,29.376083,5.015915,2.667615
2010-11-30,62.900532,44.871674,6.80347,51.759136,36.078583,88.564964,22.72467,97.440346,8.848395,96.366592,8.8,22.345671,9.565642,27.943115,6.140071,3.132246,15.966916,NaN,3.859732,141.228973,11.428202,31.861134,10.121218,17.20993,10.16025,8.116996,13.347795,4.70131,57.662323,27.148769,52.201473,22.811821,3.782878,11.643794,NaN,1.009091,19.845348,3.859342,11.798456,NaN,NaN,17.737293,7.424273,37.377636,9.334006,1.99058,18.798517,27.966738,4.842736,2.62914
2010-12-31,67.464653,45.344769,6.550934,55.038742,36.373104,89.1194,23.174871,98.119629,8.945395,92.445564,11.98,22.503593,9.697203,26.290361,5.842534,3.37177,16.559742,NaN,4.456326,143.231689,11.698419,38.105087,11.723138,17.810354,9.842744,8.64428,12.450217,4.620369,57.214169,28.254549,45.428093,22.147058,3.75673,11.528996,NaN,0.886122,19.48205,3.866008,13.331976,NaN,NaN,17.950996,7.481952,33.226955,9.85508,2.025968,17.87458,26.689518,4.595347,2.597078
2011-01-31,63.5825,45.488144,6.476662,58.708004,37.440739,86.070206,21.159683,94.949593,8.484819,82.039795,10.04,22.62203,9.289345,25.521637,5.247461,3.076971,16.045954,NaN,4.119119,134.980621,10.267864,38.85965,11.832359,17.446136,9.42421,8.46852,12.797666,4.593389,54.562607,29.284063,44.727383,22.601898,4.270992,10.364618,NaN,0.960554,20.617365,3.985987,12.779357,NaN,NaN,16.72007,7.440751,34.366783,9.356662,2.300226,17.16386,26.11697,4.644821,2.635553
2011-02-28,66.520363,45.093838,6.929733,53.090462,38.287479,87.040405,23.110537,92.987213,8.327244,85.9608,11.32,22.740467,9.091926,26.316408,5.508933,2.662409,17.07353,NaN,4.046491,135.381165,12.572613,35.747108,11.759546,17.737514,10.809696,9.411242,14.187458,4.917151,53.516907,28.025764,44.922005,25.645807,4.018219,11.93899,NaN,1.031444,21.752686,4.305932,11.991874,NaN,NaN,17.950996,7.564353,33.91515,9.334006,2.255991,18.016727,25.720592,5.294233,2.776628
2011-03-31,64.107101,46.472588,7.159976,54.80418,40.017773,85.397446,22.789,92.240982,8.328272,89.429398,13.96,22.701616,9.061424,26.741486,6.284331,2.865084,18.33824,NaN,4.056865,141.949966,11.87326,41.689228,14.380868,17.810354,10.319005,8.915911,13.868963,4.950877,53.330177,28.864628,47.179855,25.365908,4.035651,10.987805,NaN,1.003093,23.750839,4.379253,15.058918,NaN,NaN,17.352625,7.432512,36.323826,10.806605,2.140979,17.341541,24.311243,5.090133,2.750978
2011-04-30,63.844837,48.290771,7.336751,53.340569,40.901329,87.718758,23.16851,92.08889,8.108175,90.40966,17.48,22.902159,9.074704,25.041164,6.730262,2.763746,17.508274,NaN,4.046491,141.429855,12.922291,42.217422,15.709732,19.267241,11.271526,9.011783,14.187458,4.950877,53.06876,28.025764,52.201473,27.614281,3.399361,11.463397,NaN,1.003093,24.931572,4.345925,13.919136,NaN,NaN,17.181667,8.421316,35.936729,11.282366,2.114031,17.057255,24.478634,5.009731,2.763803
2011-05-31,61.465042,50.145321,7.392282,50.182392,44.575516,88.236931,22.005743,86.157486,7.190963,88.013008,16.639999,22.140095,8.265407,24.654724,6.820601,2.824517,15.551466,NaN,4.062057,132.34198,13.402716,40.342571,14.362062,19.340082,11.148471,9.286478,13.331515,4.350566,54.993904,31.644217,54.945122,26.506853,3.468607,11.727313,NaN,1.005244,24.477446,3.939328,14.506301,NaN,NaN,15.668101,9.064039,34.970665,11.871407,1.915276,16.445415,23.763929,4.607715,2.430351
2011-06-30,64.327644,52.776798,7.977642,49.856739,48.813599,86.95916,21.676607,90.187798,7.019737,84.547943,20.200001,21.217596,8.76955,22.25881,6.278567,2.870973,13.533459,NaN,4.097923,130.556824,14.061592,38.738033,14.215508,20.280983,11.148471,9.009027,12.788271,4.369503,59.233028,35.168949,53.33147,27.971516,3.256994,12.726799,NaN,0.996267,26.021473,4.071769,16.198702,NaN,NaN,15.529751,9.799424,33.012131,12.389986,1.960447,16.954786,23.227901,4.626267,2.399435
2011-07-31,59.034554,52.886738,7.659876,43.799679,45.71072,81.422165,19.943338,83.419922,6.071954,80.004829,19.48,20.936831,7.893919,22.297455,5.82687,2.081223,12.604535,NaN,4.097923,118.304474,13.290259,35.337955,15.113139,20.206553,9.664943,8.192989,11.672417,4.021614,60.340542,36.97047,52.347481,25.792377,2.502549,10.577904,NaN,0.816791,24.840746,3.515592,16.716784,NaN,NaN,14.094373,9.064039,27.136541,12.757097,1.662315,15.535824,17.474525,3.957606,2.15214
2011-08-31,46.233856,51.713932,7.367195,40.116539,45.756134,65.844276,15.555386,68.781494,4.622756,61.98642,11.62,19.030699,6.912146,18.085283,6.396007,1.625956,8.920872,NaN,4.092597,94.450722,9.095844,31.364819,14.874992,18.383127,8.7102,7.891058,9.543486,3.33279,58.889313,36.063931,49.552971,22.184305,1.748104,7.071369,NaN,0.816791,20.342337,2.622962,12.876065,NaN,NaN,14.68236,7.242681,19.330441,11.013321,1.264804,12.152144,16.795561,3.200202,1.637498
2011-09-30,53.221046,51.34795,7.470708,46.045097,45.373878,72.546997,19.125267,82.431351,5.618128,70.5186,16.139999,20.488371,8.265407,22.181522,6.582148,1.886108,11.582616,NaN,4.047631,110.425812,11.903727,34.975018,14.765079,19.983276,10.286388,8.516644,11.386961,4.042487,58.153748,33.10463,54.118931,25.863827,1.978118,9.611731,NaN,0.917149,21.984318,3.391997,16.509548,NaN,NaN,15.826681,8.61939,25.671869,11.472209,1.671349,14.083229,18.537655,3.711961,1.884793
2011-10-31,46.554798,50.388172,7.52153,37.843925,44.03598,67.027115,16.57081,70.872704,4.282724,72.115112,14.36,20.285917,6.902858,17.990953,7.124632,1.672411,11.339965,NaN,4.292444,100.708992,10.474644,27.735516,14.72844,20.504255,11.33421,7.935587,10.461676,3.659808,57.8811,33.696499,56.622208,23.327457,1.711302,9.495126,NaN,0.917149,21.482601,2.959414,15.024381,NaN,NaN,15.756574,9.491589,22.369951,12.573541,1.680383,12.80839,17.206514,3.3162,1.610763
2011-11-30,50.282448,48.763931,7.623174,39.389587,43.921307,66.840302,17.148331,74.028526,4.419711,73.010704,14.24,20.366899,8.303606,17.438602,7.007094,1.5795,11.323789,NaN,4.444778,102.191223,10.53956,29.817591,14.966587,21.774767,11.053808,8.026896,10.133348,3.771132,59.127533,35.906101,57.73476,24.077652,1.573294,10.480196,NaN,0.882756,22.121149,3.165406,15.162536,NaN,NaN,15.283349,9.012733,22.391823,8.333413,1.707486,13.798265,17.152914,3.705137,1.911528
2011-12-31,56.812702,47.239376,7.792575,43.428692,42.77454,72.606735,18.703259,83.711617,6.001205,67.169853,16.92,20.933771,9.700055,21.028902,6.500775,2.127679,12.019391,NaN,5.124817,110.837547,11.741277,36.235725,13.079734,21.508289,11.171873,9.413132,11.894372,4.320799,61.776184,34.840763,55.112316,24.363438,1.720503,11.504704,NaN,0.844766,23.626297,3.72845,18.132872,NaN,NaN,16.597858,9.457386,26.852692,9.521935,1.644246,15.37307,20.413752,4.24419,2.22566
2012-01-31,61.710297,50.959019,8.385461,46.73341,44.418236,78.772156,21.635338,93.06488,7.540337,68.688461,19.16,22.350952,10.39077,23.159409,6.97997,3.205456,11.809093,NaN,4.83648,119.072136,13.202901,38.585224,12.823269,22.155443,11.260422,9.745165,13.282297,4.536491,64.541702,35.985023,55.986443,25.613762,2.024121,12.46203,NaN,0.836988,26.819042,3.906976,20.136124,NaN,NaN,17.474197,11.93717,29.673532,10.095544,2.394094,16.31045,21.619814,4.373836,2.259079
2012-02-29,54.581501,49.843136,8.427883,45.631836,43.577274,74.855293,19.036411,75.215744,6.587207,67.79287,21.450001,22.512915,9.309648,22.449238,7.847947,2.824517,10.579654,NaN,4.602544,107.461365,11.984909,41.374054,12.053873,22.00317,10.611066,9.114301,11.909297,4.174685,66.567154,37.287102,62.38377,23.398905,1.637698,11.269573,NaN,0.809729,25.952436,3.440062,21.403719,NaN,NaN,18.490751,12.758062,25.671869,10.439711,2.574781,16.085478,18.001623,4.005369,2.091987
2012-03-31,56.159649,50.131966,8.402462,47.958096,44.341782,78.697037,19.636206,73.553642,6.90184,71.375259,24.25,22.350952,10.13573,22.646509,8.607426,2.68515,10.336999,NaN,4.548142,102.191223,13.657621,46.569687,12.640079,24.591782,10.448726,9.761768,12.342091,4.202516,66.956642,36.340126,65.284454,24.613506,1.472088,12.546006,NaN,0.817516,25.177061,3.556791,21.509504,NaN,NaN,20.068163,12.484431,28.383381,11.013321,2.330854,18.035234,18.760996,4.094075,2.172191
2012-04-30,48.704372,47.680065,7.716341,41.547852,41.474857,74.046097,17.370428,69.074409,5.966844,66.943649,18.84,20.285917,8.108585,19.771759,8.037816,2.61082,9.67375,NaN,3.759286,91.752747,13.170361,40.762802,9.764003,22.688393,10.360179,8.151406,10.476601,3.743301,61.152977,33.65704,59.006298,19.540764,1.242074,12.294077,NaN,0.926524,23.07897,3.240936,18.688581,NaN,NaN,21.470304,11.800353,24.993992,9.751378,2.132099,16.010489,16.277403,3.439022,1.998415
2012-05-31,53.570057,49.603859,7.649426,46.976517,45.765438,79.084984,18.947557,71.628365,6.430779,71.742485,19.16,21.817772,8.789343,20.930101,8.601513,2.536034,9.711618,NaN,3.912871,92.087608,14.599524,43.901291,9.040881,24.096899,11.73268,8.425217,11.714252,3.680681,67.439613,37.870792,60.163208,19.957775,1.784907,13.2682,NaN,1.086133,24.371107,2.945682,17.278122,NaN,NaN,19.718357,11.458313,26.983891,9.338377,2.462638,18.146818,18.06139,3.611087,1.964997
2012-06-30,57.817169,50.970657,8.574548,44.989185,48.049782,80.502525,20.702793,76.186157,7.087417,74.421822,18.700001,22.353933,10.044964,22.048506,8.529079,2.423321,9.329793,NaN,4.003863,87.232079,15.079964,45.027962,10.597097,26.440882,12.271383,8.230463,11.957665,3.813205,72.373245,38.19482,59.079525,21.470287,1.784907,13.364343,NaN,1.166947,25.060856,3.193782,16.555035,NaN,NaN,20.027838,12.155251,26.61215,10.802583,2.829215,18.339054,19.40966,3.583255,2.120399
2012-07-31,59.742584,49.182869,8.727383,45.982845,49.507023,82.367737,21.84787,79.054443,6.880427,73.302109,22.049999,22.931337,9.606253,21.169762,8.692058,2.338787,7.877201,NaN,4.151733,86.227486,14.405739,46.038082,11.375207,26.907488,12.436399,7.917163,11.166574,3.711326,65.887894,37.992298,62.611526,20.843147,2.024121,12.719052,NaN,1.202671,24.509058,3.014356,19.765053,NaN,NaN,23.299494,11.338986,24.689041,10.919495,3.769153,18.877308,18.776247,3.527593,2.013309
2012-08-31,64.386078,50.133823,9.386256,50.498756,52.383614,89.59095,25.557936,89.270226,8.579108,75.981453,26.0,24.468044,10.967768,21.30217,8.954629,2.761459,7.727792,NaN,4.117611,99.798164,16.35318,51.321774,11.782788,28.579487,12.736433,8.603035,12.094584,3.915086,68.394493,38.354439,58.83876,22.208099,2.042522,14.502099,NaN,1.13519,26.701151,3.287084,20.883144,NaN,NaN,24.758474,11.800353,25.835321,10.849347,4.041735,18.954201,20.269295,3.659791,2.106121
2012-09-30,65.281944,50.701614,9.948739,52.886978,52.423397,89.666313,24.883377,84.791,8.550597,74.341835,26.65,25.217064,10.498803,21.663906,9.606505,3.127775,8.336249,NaN,4.789845,108.909439,16.8342,53.225456,11.727209,29.979296,12.495504,9.107372,12.37691,4.249833,69.773941,37.088203,57.256947,24.347748,2.079324,15.028522,NaN,1.235874,28.364195,3.681821,21.027414,NaN,NaN,24.671337,13.397393,27.211008,10.98964,4.286119,18.757158,20.721737,3.854609,2.277466
2012-10-31,67.448502,52.120647,10.141844,55.015362,54.253036,90.041656,25.578432,89.113068,8.764714,76.807793,29.549999,25.75803,10.589569,22.829491,10.25902,3.437735,8.260314,NaN,4.784026,105.418205,19.031757,49.184986,11.189944,32.701145,13.082641,8.935212,12.745911,4.322603,71.925194,38.681202,56.770359,23.425488,1.987319,17.641027,NaN,1.491853,27.856041,3.753592,23.840693,NaN,NaN,25.918264,13.23769,25.992271,10.147881,4.72789,18.717834,20.676491,3.952018,2.334581
2012-11-30,67.847694,49.742813,10.214309,56.796814,52.662037,90.269806,25.346687,93.275352,8.787884,77.495018,30.35,25.383518,10.823708,24.758743,9.679006,3.447127,9.75375,NaN,5.109946,112.315506,19.156122,48.369122,11.504892,30.619123,14.88922,9.451697,12.899662,4.526362,73.264656,38.803734,56.729847,25.04867,2.051723,17.981916,NaN,1.479849,27.948435,3.947372,24.489906,NaN,NaN,24.136942,15.526782,28.762119,10.288175,4.765488,18.953772,22.893446,4.063342,2.470229
2012-12-31,72.522835,50.984238,10.62481,61.687061,53.457531,96.581825,25.85647,102.185486,10.425609,80.486481,34.950001,26.631886,11.258519,23.512772,9.334621,3.804051,10.53,NaN,5.476601,125.258629,19.943945,52.720402,11.541945,31.885031,16.146297,9.520563,12.31541,4.868387,69.205681,40.192505,63.096226,24.605982,2.67736,20.112471,NaN,1.54937,28.502785,4.191391,28.204872,NaN,NaN,26.71986,16.715689,30.822889,10.592144,6.203594,21.037903,23.526861,4.578218,2.727247
2013-01-31,68.759888,51.602699,10.479961,59.97546,55.008766,95.365074,24.999203,96.325661,10.440211,80.931137,32.549999,26.631886,10.947941,24.155855,9.860263,4.01069,10.057501,NaN,5.133225,118.787079,19.52931,52.098793,10.356256,32.794903,15.769929,9.176238,11.715782,4.657351,69.368042,41.540421,63.826145,21.691631,2.870571,19.302858,NaN,1.794854,31.043549,3.997611,26.653965,NaN,NaN,29.347315,19.519381,28.762119,10.124499,6.729959,20.566023,21.083683,4.272076,2.613017
2013-02-28,65.338997,52.569054,10.93872,57.285828,58.270313,94.680626,24.605337,83.963875,9.606708,80.001366,32.400002,25.674805,10.218078,23.31181,10.78466,3.541054,8.505,NaN,5.319462,112.570969,17.746391,47.941761,9.633726,33.467415,17.501234,8.76305,11.469782,4.613687,66.729698,43.501038,61.595875,20.806261,3.045382,18.49325,NaN,2.181194,31.413115,3.904309,29.578878,NaN,NaN,33.221695,19.386295,26.679195,10.428467,8.421848,20.36941,18.188074,4.042469,2.570181
2013-03-31,66.59333,53.648605,11.276841,60.025517,60.298832,100.264481,26.041746,90.817345,9.99082,79.758827,34.75,26.631886,9.991935,24.276436,11.147172,3.66316,7.922812,NaN,4.941164,111.208549,19.653673,51.710281,10.319202,34.772881,19.119623,8.4962,11.131532,4.730121,68.962151,45.992641,65.042656,20.252901,3.441005,20.027254,NaN,2.153024,31.828878,3.918664,29.909571,NaN,NaN,33.711552,19.963005,27.233162,10.218028,9.681365,20.998581,19.183441,4.292949,2.591599
2013-04-30,62.602318,51.413246,10.62481,61.16209,54.372364,96.556725,25.346687,83.532524,9.149602,81.890419,40.599998,25.549969,9.067917,22.366709,10.404023,3.616196,7.754062,NaN,4.667624,112.619774,19.19758,59.791229,9.87457,31.766352,15.393557,7.781727,10.547279,4.584579,66.932648,44.113728,69.827576,18.777281,3.717022,20.325529,NaN,2.189244,31.921265,3.92584,30.277012,NaN,NaN,39.233658,23.467621,25.615572,12.649777,10.452114,20.36941,18.14283,4.139877,2.627296
2013-05-31,61.948071,49.609833,10.07237,58.21624,54.479282,89.343842,23.599815,81.023308,7.924776,77.907913,38.0,24.204414,8.551092,22.161888,9.912305,3.188165,7.232728,NaN,4.131021,100.82399,16.87565,60.120674,9.640137,30.183969,13.910658,7.200502,10.35447,3.995133,65.755554,43.184414,69.315033,14.608649,3.663756,18.067137,NaN,2.024247,30.563602,3.509572,26.859821,NaN,NaN,39.469826,20.163139,23.422155,12.977127,8.908752,19.245701,16.649778,3.478889,2.277466
2013-06-30,64.185806,50.835247,10.745342,62.443645,56.718708,92.459564,25.219151,83.775368,8.367488,75.916656,40.849998,24.415993,8.582415,20.60523,9.531065,3.074302,7.31966,NaN,4.481982,103.751419,18.730284,69.528114,10.650948,30.618284,13.925362,7.916187,11.015395,4.408742,68.166145,44.729698,69.889244,17.28104,3.852608,18.368036,NaN,2.300445,34.192169,3.841372,31.325155,NaN,NaN,32.531063,19.846682,22.524754,14.68642,7.385889,19.649174,16.950729,3.685077,2.437152
2013-07-31,65.186867,49.016895,9.685947,58.753639,54.438564,93.861671,23.708059,81.428032,8.028085,73.759468,47.200001,24.754515,8.15956,19.867861,10.438783,3.871343,7.797785,NaN,4.342163,102.4599,19.358784,71.860214,11.006604,28.68195,13.724884,7.366332,12.116934,4.324985,68.868462,43.769112,69.684166,18.592546,3.824281,18.281801,NaN,2.259653,31.68008,3.833841,33.303982,NaN,NaN,31.900267,22.785255,24.386858,15.514157,7.995034,19.729868,17.351717,3.736157,2.444651
2013-08-31,69.544418,49.926064,10.085941,60.996166,57.056938,99.400986,24.958588,85.394218,8.60358,77.078232,54.400002,25.981663,8.942626,21.629345,10.692945,3.785946,8.745343,NaN,4.715014,108.622688,19.301094,80.398064,11.324822,30.698961,14.218366,7.471066,12.415922,4.545802,71.595108,45.328453,74.400894,18.20681,3.909265,19.014797,NaN,2.141366,34.047787,4.074868,35.805511,NaN,NaN,31.765091,22.740044,25.867573,16.436493,7.69998,20.092997,18.317724,4.159393,2.654621
2013-09-30,71.885643,49.758484,9.898025,61.79163,53.110634,101.365433,24.207966,82.237465,7.924776,75.112549,57.849998,25.643847,8.519771,21.071518,10.830911,3.710038,9.700027,NaN,4.984605,109.234413,20.272554,83.639282,11.455851,31.54611,15.719286,7.898489,12.725664,4.583874,68.337067,45.497116,78.64109,18.20681,4.560809,19.359737,NaN,2.241352,36.756657,4.089932,41.144596,NaN,NaN,31.069714,24.141521,27.577925,16.129045,7.147941,20.859859,18.77339,4.137502,2.722111
2013-10-31,72.716003,50.675503,9.985383,63.196251,51.795204,100.257248,23.891911,80.57814,7.762434,78.635406,60.700001,25.729179,8.611512,21.483879,10.431112,3.795435,9.823038,NaN,5.244466,118.934433,20.357004,88.61969,11.549446,30.658625,14.526791,8.156436,12.69369,4.781849,70.10006,43.135822,80.918694,20.289791,4.759106,18.470423,NaN,2.5036,36.709949,4.195381,43.795479,NaN,NaN,31.750074,26.492378,32.659863,16.76759,6.976619,21.601912,22.783237,4.225069,2.812098
2013-11-30,72.59742,48.881321,9.712312,61.408352,50.685303,99.623199,23.312407,81.534744,7.441766,76.244896,69.550003,25.046484,8.595296,20.205566,10.176695,3.55822,10.420501,NaN,4.984605,112.992073,18.414167,97.750443,10.856853,30.969673,14.232536,7.560493,11.526637,4.45443,67.497559,41.280521,75.866425,18.862564,5.778913,16.627705,NaN,2.519983,36.336315,3.946822,47.305088,NaN,NaN,34.154015,26.311544,31.372433,17.406126,7.176495,20.488836,22.099741,3.991558,2.677118
2013-12-31,68.149048,47.121304,8.729048,59.073151,47.931118,96.294487,22.021627,78.59169,7.373346,70.289581,76.300003,23.425076,8.36825,17.772652,9.522479,3.01737,8.522669,NaN,4.866487,106.525391,17.696236,107.414803,9.565263,28.910519,14.263511,6.679917,9.752079,4.104167,62.166588,38.497562,69.447601,15.468073,6.071636,15.814488,NaN,2.706141,33.393921,3.622941,44.691551,NaN,NaN,30.434717,24.186728,28.413624,16.909487,6.043865,19.458214,19.320189,3.685077,2.467148
2014-01-31,72.12291,48.689331,9.133269,60.021828,53.316181,99.702446,22.917273,82.322311,7.631798,73.09948,77.849998,24.022436,8.919645,17.772652,10.721877,2.770667,9.823038,NaN,5.425581,105.214592,17.611786,123.028008,9.677574,29.692999,14.511302,7.275862,10.167742,4.05848,61.914738,42.671993,69.778954,16.278122,6.609868,15.191595,NaN,2.965241,35.448933,3.502428,48.462521,NaN,NaN,31.88615,24.503191,28.481382,18.825106,7.024209,19.416986,20.687183,3.633997,2.444651
2014-02-28,76.27478,47.040894,9.242533,57.321766,55.289326,97.879585,23.839224,78.757507,6.298438,75.867447,67.449997,24.491793,9.243996,18.391191,10.521975,2.894019,12.08989,NaN,5.464955,102.767746,16.97822,106.624275,9.546544,31.422693,15.641853,7.516017,9.32043,4.134624,59.606041,41.744343,66.548813,17.28104,6.487113,14.724428,NaN,2.718485,34.374718,3.592813,43.929447,NaN,NaN,36.421875,22.287954,29.046041,18.375763,7.186013,18.22146,20.003685,3.699671,2.579632
2014-03-31,78.291344,50.672058,9.766945,58.466579,55.083782,101.900818,24.339737,81.788094,6.545603,75.07061,60.849998,24.961145,9.510879,19.009729,11.048985,2.55243,11.949309,NaN,5.394083,122.080376,16.065996,95.497391,11.137634,31.752155,15.099809,7.987437,10.247677,4.073709,61.872749,42.671993,67.625504,16.200975,6.090521,13.807396,NaN,2.4964,35.12199,3.479831,42.906071,NaN,NaN,39.279377,24.141521,25.906538,18.848757,8.623215,18.716162,18.208364,3.517242,2.557135
2014-04-30,82.146629,52.143181,10.236725,60.771061,55.494869,103.272415,26.605064,88.781761,7.281982,79.415642,61.950001,25.046484,9.855238,20.812891,9.831415,2.75169,11.896593,NaN,5.535826,127.621391,17.062672,108.007721,11.068995,34.017223,15.758004,8.227593,10.631366,4.332599,63.677719,44.611629,68.122429,16.393845,5.769471,13.582464,NaN,2.599216,36.289612,3.79618,42.830261,NaN,NaN,41.501881,24.457981,27.081028,17.997368,8.851646,19.252087,19.411318,3.787237,2.767105
2014-05-31,84.069031,52.423431,10.190802,58.983959,57.259022,103.934814,26.281118,89.033028,7.216527,82.216522,62.0,26.077742,10.461966,20.22065,10.141076,2.590384,12.148678,NaN,5.977681,127.798256,15.880164,117.060715,11.4316,34.346695,17.035683,8.895024,11.126964,4.462044,64.480957,46.254581,68.439018,17.28104,5.917396,12.267473,NaN,2.582764,36.657673,3.69073,44.38427,NaN,NaN,46.637283,23.915476,27.103613,16.956783,10.618069,18.510036,18.49999,3.903992,2.602129
2014-06-30,92.139671,53.206486,10.374479,62.661064,58.611256,108.20385,29.258608,98.748756,8.04291,86.137756,65.949997,26.689276,10.986705,20.347557,9.685912,3.029001,13.848419,NaN,6.228436,153.446396,20.411057,127.162392,12.977443,36.953892,17.385128,9.249373,11.362741,4.553416,73.655777,47.42284,69.822861,17.743923,5.764442,16.131065,NaN,2.777497,39.386993,4.283769,44.388618,NaN,NaN,42.893364,22.644739,30.611898,18.073376,9.939907,20.56687,21.663002,4.349121,2.987992
2014-07-31,86.3927,54.07196,10.753764,62.773632,59.667706,107.464996,30.382776,98.497482,8.018364,89.886627,58.400002,26.864004,11.232676,21.658937,8.748272,2.865011,13.490579,5.758235,6.357859,157.514755,18.695822,125.280724,13.187372,38.677563,18.743961,9.994409,12.754432,4.688223,82.659103,48.41803,69.319633,18.144661,6.194624,15.723358,NaN,2.973214,39.810505,4.131063,38.883347,NaN,NaN,46.729729,22.275784,29.04678,17.234425,10.230548,21.912758,20.642473,4.391677,2.891605
2014-08-31,78.199562,51.393108,10.301129,60.25555,58.546539,103.238579,29.761568,92.215752,7.396532,86.180847,45.099998,26.558233,9.83884,18.697758,8.811996,3.135113,11.594026,5.767274,5.500437,149.266647,17.287436,114.386742,11.068995,37.626545,16.74567,9.040397,10.904302,4.427766,76.956985,47.595913,64.035713,17.576372,6.146827,14.181156,NaN,3.218907,37.929504,3.889951,31.18368,NaN,NaN,48.070152,23.059816,26.8372,15.340796,11.160598,20.819221,19.993048,4.197699,2.795218
2014-09-30,84.665062,55.471684,11.183429,59.725327,63.834068,108.785469,31.252254,96.822372,7.969271,88.566734,52.950001,27.824648,10.511161,19.976589,9.64326,3.347336,12.16184,4.583085,5.514991,153.554367,19.46789,122.408669,11.126248,38.299198,18.084988,8.993631,10.139367,4.704502,84.017075,49.429886,69.31852,17.738741,6.825558,16.428827,NaN,3.266029,40.858059,4.123027,37.189419,NaN,NaN,43.160469,24.674006,29.443464,16.419447,12.129399,22.159044,21.523838,4.508064,2.979959
2014-10-31,87.556641,56.053394,11.356483,58.944992,63.151802,107.886925,31.043362,94.979736,7.576535,92.833969,52.950001,27.428411,10.744202,19.848806,9.278676,3.250871,12.108106,4.149183,5.211338,150.874542,20.160034,122.804817,11.25984,41.536343,18.12509,7.78954,9.4401,4.785894,83.189964,50.128548,71.268776,17.901108,6.596128,17.462311,NaN,3.207484,42.322334,4.227509,35.76498,NaN,NaN,42.417126,23.797731,30.233583,15.077127,13.272585,23.533247,25.002905,4.989131,3.212894
2014-11-30,80.173409,55.887207,10.973374,56.611671,64.175194,107.886925,32.416405,101.193825,7.535052,87.957138,43.650002,28.000753,10.575269,18.528391,9.315134,2.382686,11.839435,4.013588,5.12927,153.375717,19.943764,111.415649,9.923925,41.585625,16.0399,7.965523,8.690884,5.184719,78.793228,50.128548,68.724976,18.631767,6.53877,18.219604,NaN,2.93984,40.763588,4.548993,29.374256,NaN,NaN,38.793312,23.613253,36.763664,15.340796,12.962568,22.287878,28.250036,5.617622,3.510087
2014-12-31,91.372139,57.980682,10.998072,55.425896,69.334793,113.39817,33.073162,108.29364,7.822261,90.656799,40.900002,30.334154,10.98071,19.465462,8.494818,3.077234,11.928992,3.97743,5.030788,159.539337,19.424637,130.727707,11.183501,44.969017,17.563692,7.771015,8.474447,5.070769,89.240944,55.761463,78.221817,17.251637,6.261542,17.711775,NaN,3.263987,42.747448,4.484696,29.297255,NaN,NaN,46.180305,26.011475,38.390373,16.946785,11.489989,23.404419,28.3892,5.058964,3.48599
2015-01-31,94.44812,58.441498,10.812713,53.398586,68.055565,118.074394,31.640333,104.016647,7.72934,92.311455,39.400002,31.698973,10.710414,18.74136,7.792994,3.347336,12.197662,3.887034,5.334441,159.896652,20.4629,134.590118,12.462162,42.399357,16.480997,8.336013,9.273607,5.249834,91.7658,57.770092,75.423691,16.480387,6.06079,18.353247,NaN,3.095964,43.125328,4.548993,27.256845,NaN,NaN,47.713451,28.317457,40.086796,16.778996,12.420039,23.490309,30.84774,5.190869,3.582377
2015-02-28,97.709198,56.765766,11.084643,50.988762,67.629143,117.322868,32.505993,102.305847,7.594183,92.050186,35.299999,32.491444,10.778311,18.570988,7.501326,3.848954,11.893169,3.98647,5.063616,169.722687,21.674261,145.781189,11.25984,40.943218,15.606821,7.946998,9.123766,5.241693,88.1091,58.206753,78.942612,16.074465,6.271101,19.511459,NaN,3.297597,46.101116,4.597215,25.373535,NaN,NaN,44.461315,32.283745,43.316982,19.751276,13.660106,23.747969,31.497168,5.159833,3.598441
2015-03-31,109.700821,57.795959,11.430573,60.20546,66.904228,128.434845,37.192303,111.32235,8.82066,91.3535,37.5,33.636124,11.682188,22.319258,7.756536,4.225168,13.917156,4.899471,5.95816,264.946045,28.077021,159.349136,13.893497,41.243011,18.806782,9.225187,10.938529,6.145154,96.380203,57.464432,81.231987,16.358608,7.705042,25.168894,NaN,3.730278,48.935196,5.416998,25.096878,NaN,NaN,44.879452,33.713455,51.775879,18.816446,16.818399,25.895163,35.022621,6.18404,4.281181
2015-04-30,110.220039,57.668377,11.554235,58.014744,63.365002,132.085007,37.341587,113.305626,8.854916,93.230301,37.099998,32.711578,11.324046,20.871061,7.975286,3.877893,13.397727,5.369531,5.605266,266.553986,24.313171,154.199265,12.481247,38.544872,17.282993,8.511995,10.089419,6.340496,88.892677,55.892456,75.550865,15.473702,7.628565,22.362453,NaN,3.860494,48.226673,5.425036,23.674067,NaN,NaN,40.280006,35.327644,53.030773,21.213446,16.489008,27.398201,34.558746,5.726251,4.136601
2015-05-31,103.752594,56.052292,11.051263,55.461548,61.876152,129.510834,34.837257,108.304329,8.68364,87.107307,30.9,32.45887,11.05118,20.087322,7.558599,3.993651,12.448423,4.772917,5.490371,246.185211,23.66428,153.551605,11.853742,38.887489,17.363192,8.011834,9.157063,5.762607,86.411339,53.781258,79.075394,14.353362,7.414767,22.407,58.838039,3.780684,48.262203,4.950847,20.630819,NaN,NaN,41.346169,34.774204,48.661896,18.528805,16.553928,27.741749,31.311615,6.556141,4.048247
2015-06-30,104.845673,56.469215,10.931729,55.105759,63.932865,135.836777,34.117985,102.699402,8.024232,88.805656,35.700001,31.06521,10.266682,19.215853,7.401896,3.165048,12.598039,4.492689,4.930139,189.137924,21.426073,143.625839,10.629502,39.824745,16.50646,7.300414,8.211513,5.42297,89.551758,60.258232,74.396141,12.560382,6.872695,19.708998,59.112553,3.804957,48.024456,4.513402,28.047447,NaN,NaN,41.534966,38.260555,41.457882,17.100096,14.653655,27.32486,26.852764,5.533772,3.563431
2015-07-31,94.096962,55.311527,10.102499,48.464607,58.375374,119.081596,43.28241,84.677414,6.748234,76.023369,24.85,31.469816,9.82327,15.250678,5.761127,2.912621,12.888483,3.679123,4.326449,163.943542,19.892536,130.821609,9.891073,36.855362,15.711764,6.11374,8.211513,4.669065,82.978752,57.086746,65.295166,11.437096,6.872695,17.905735,49.687485,3.893836,40.749466,3.980922,21.996393,NaN,NaN,41.204571,36.758308,35.391918,28.199303,13.654542,22.909166,25.206799,4.738597,2.975129
2015-08-31,91.273125,56.726471,10.033427,46.099274,64.599709,119.853279,30.719515,86.660698,6.422811,77.27478,19.700001,30.432837,10.010869,15.128675,5.862524,3.582524,12.79772,3.471212,3.949142,161.880997,20.50593,128.340179,9.531575,37.117359,14.635616,5.097948,6.775993,4.412053,80.993614,62.445412,64.69416,10.075538,6.572619,16.455883,51.563351,4.029271,38.231606,3.76962,19.052639,NaN,NaN,45.546864,37.462486,35.764954,13.270261,15.065056,19.892498,25.206799,4.357237,2.798638
2015-09-30,97.672447,58.390701,10.993195,48.778057,68.355507,122.780762,33.450157,89.592506,7.116475,81.511398,26.65,31.882027,10.249627,16.735136,5.997204,4.048543,13.253066,3.877994,4.754162,186.602631,22.548313,145.511749,9.298385,40.567097,14.666533,5.823025,7.627832,4.823273,83.263626,65.060448,73.053177,11.164783,7.008213,18.441227,50.160202,4.115501,43.529613,4.183771,23.01853,NaN,NaN,46.876331,35.913288,40.958389,14.694861,17.788126,22.25569,26.382486,4.657456,3.084385
2015-10-31,93.270309,56.05508,10.630001,50.040253,61.197399,121.913086,32.170094,82.176758,6.611213,76.620728,22.799999,32.606613,10.103374,17.034296,5.653711,3.951456,12.430463,3.615845,4.068877,184.954514,22.995703,153.154572,9.327535,41.178444,12.152745,5.294533,7.531277,4.56626,79.046616,61.228065,67.788513,10.29679,7.056612,18.987633,46.524738,4.657008,44.197834,3.964018,21.424,NaN,NaN,53.850842,38.213612,39.832386,12.04081,17.278774,21.227818,25.159771,4.381579,2.891086
2015-11-30,95.929939,56.963383,10.616057,50.121227,63.009026,127.987007,32.00169,82.71714,6.807996,78.975479,24.450001,34.780392,9.980377,15.520918,5.356636,4.009708,12.540143,3.914153,4.008915,181.749878,24.337864,151.367935,9.181791,41.366871,12.552287,4.881348,7.083612,4.549126,78.50827,64.744827,63.698559,10.364867,7.666443,20.58132,46.386688,4.497746,44.484207,3.955566,21.710197,NaN,NaN,47.967579,41.828415,40.348469,12.333536,17.45509,21.183126,23.560833,4.430264,2.907894
2015-12-31,88.363754,56.787823,9.512526,44.129353,62.478786,111.500542,28.296175,74.056587,5.599266,67.92617,24.1,31.791445,8.680117,12.546955,4.716068,3.203883,9.999209,3.995509,3.709103,155.929474,20.042944,143.824341,8.307335,39.539238,10.887527,4.564252,6.916837,4.052235,76.893234,65.646584,60.217747,9.888322,6.330624,17.24824,38.333443,3.396758,40.904472,3.406182,21.914625,NaN,NaN,46.971222,39.058632,32.794865,10.479602,16.201303,18.322958,17.66357,3.821711,2.554913
2016-01-31,86.162689,59.143078,9.554451,40.20224,61.418324,114.016914,28.296175,76.751953,5.794796,68.650719,26.1,32.561333,9.488386,12.001436,4.781053,2.796116,9.670167,4.085906,3.709103,154.647614,20.669287,140.846619,8.608537,39.093475,10.471338,4.794867,6.987059,3.898027,73.752907,71.552963,53.560753,9.292641,5.991829,16.90218,36.630756,3.646708,37.897495,3.245592,22.159939,NaN,NaN,51.193886,37.368595,30.871273,10.908935,17.631405,18.054819,15.914142,3.602632,2.445657
2016-02-29,92.353203,61.193005,10.127179,39.190109,61.418324,118.962883,32.102749,83.8218,6.568027,75.624458,29.1,34.780392,10.788647,13.074878,5.338068,3.728155,10.785254,5.080263,4.360123,171.03714,21.966711,157.224136,9.949369,41.010258,12.069508,4.95822,8.040384,4.240711,77.566154,68.396881,58.564404,10.381886,6.795257,18.12249,45.972515,3.730027,41.954533,3.668196,26.868645,NaN,NaN,56.270576,39.621979,34.812286,12.04081,21.353588,20.691534,18.002169,4.138158,2.706191
2016-03-31,85.291428,63.553761,10.113142,43.329628,70.874107,124.513916,32.675396,87.634392,7.004347,76.394302,26.200001,34.780392,10.854311,13.620397,5.551592,3.757281,10.383093,5.676877,4.73703,179.735519,22.145664,157.720428,8.900023,42.035515,10.93747,5.486712,8.479269,4.274979,79.809258,66.14254,60.739838,11.164783,6.688778,17.448587,49.009739,3.537758,44.57967,3.558319,23.637604,NaN,NaN,51.193886,37.74416,34.390034,12.860443,23.508541,20.780916,16.986372,3.983991,2.664169
2016-04-30,82.723511,64.926697,10.420469,42.82774,66.588066,121.776405,31.76585,81.690811,6.642365,78.47963,26.1,33.376492,10.570074,13.05728,5.105978,3.990291,10.309972,5.40569,4.54001,170.304642,20.892982,172.013535,8.151876,42.570431,10.155034,5.131181,8.145718,4.292113,79.495224,65.556396,61.000927,10.501024,6.853335,16.920395,44.776035,3.377531,43.386421,3.48225,25.33815,NaN,NaN,59.686665,36.711357,32.560276,12.548202,26.300179,21.361887,16.346798,3.902852,2.655765
2016-05-31,79.133987,69.975571,10.86333,40.251099,64.516518,118.785004,32.274471,83.165535,7.103892,82.038376,23.0,36.256065,11.245137,13.78494,5.191474,4.067961,10.309972,5.612626,4.796992,174.318268,22.326109,175.316925,7.973639,47.072647,9.622312,5.11148,8.444159,4.386351,79.540092,61.416946,59.293324,12.134895,6.679098,16.483267,45.578468,3.236539,44.757942,3.625935,22.0646,NaN,NaN,62.485958,35.162159,32.044193,13.15317,26.867655,20.736227,15.631978,3.967763,2.596935
2016-06-30,84.983627,72.130852,11.263955,42.971352,68.965927,124.351646,35.177437,99.208733,8.16269,86.814583,25.799999,40.603092,12.293262,14.132305,4.483546,4.995192,10.9069,5.640321,4.784228,177.942139,23.237381,185.67067,8.222194,52.737728,10.916055,5.082492,8.358508,4.702683,86.97139,63.166451,59.751537,12.91216,6.59813,18.023262,52.170391,3.350028,46.399551,3.957362,26.041992,NaN,NaN,65.206619,39.129383,33.967781,12.803909,30.578657,23.391621,17.115271,4.483847,2.865735
2016-07-31,93.313515,71.014961,11.576863,48.879372,67.376854,122.196846,34.530216,97.599953,8.805206,80.258987,25.25,39.215744,11.795846,16.216497,4.823352,6.092175,11.372211,5.631089,4.888422,176.269592,23.374067,200.902634,8.739187,51.371468,11.834558,5.005192,8.583685,5.245301,87.107788,59.989719,60.16394,12.145446,7.404459,20.425741,51.322857,3.220686,47.3652,4.444145,26.833805,NaN,NaN,85.129524,48.744301,38.128395,14.542712,41.018944,24.954124,17.947802,5.135419,3.135239
2016-08-31,92.283974,71.550583,11.451738,49.280109,69.282486,125.355965,35.025139,104.660751,9.121941,78.245506,29.200001,39.726902,12.186674,15.942263,4.530742,6.777791,10.292688,5.760327,4.905787,191.579956,23.966394,212.052826,9.256182,51.917973,11.799231,4.91823,8.664747,5.200083,85.334709,62.001251,58.926754,13.20839,7.630625,20.192036,53.300434,3.369429,50.000538,4.372029,29.605169,NaN,NaN,79.884117,51.662266,38.175877,14.226566,37.901703,24.080959,19.361166,5.066833,3.180157
2016-09-30,90.454247,70.940788,12.007577,50.314861,66.853935,126.804115,35.383606,103.498863,8.750909,76.410439,31.85,39.959496,11.724789,15.679608,4.506308,7.835596,10.455295,5.854471,4.986712,193.084,22.122137,204.884857,9.037454,50.369537,11.742045,5.185079,9.001047,5.136777,82.063873,59.073158,57.433472,14.06223,7.905957,18.150867,54.460171,3.527121,47.478691,4.209768,29.693146,NaN,NaN,71.466736,49.22266,39.107716,14.522953,37.505863,25.946415,18.644804,5.066833,3.126256
2016-10-31,89.087311,68.198456,11.407199,53.343666,67.816193,134.09169,32.996449,90.717911,7.818807,73.189163,38.5,36.098446,10.836546,16.122326,4.715903,7.855185,11.206123,6.003392,4.783713,191.767944,20.690432,192.838654,9.365546,48.638939,11.367868,5.117109,8.918971,5.227214,78.184662,60.235107,56.782402,13.992529,8.191122,17.68161,50.336552,3.455673,45.878284,4.281884,33.608242,NaN,NaN,67.796814,45.635002,40.969994,15.7085,38.643902,27.257786,21.829714,5.109699,3.171174
2016-11-30,82.865334,64.062485,13.420345,54.392189,62.638332,131.628799,31.764389,94.223274,7.688114,70.157379,33.799999,35.075043,10.627303,15.163103,4.734958,7.25772,10.868251,5.835856,4.854321,172.215134,18.981625,188.856445,8.9778,46.89806,10.975872,5.612314,8.846014,5.399042,75.921783,57.353485,55.154736,12.720482,8.141954,16.367691,45.075386,3.546608,42.434986,4.191739,29.649158,NaN,NaN,68.038261,46.926556,37.054443,14.760062,33.596939,25.993248,19.554779,4.809633,3.090322
2016-12-31,88.097443,68.718628,11.580974,58.324154,68.320236,144.946747,33.150467,98.631401,8.438173,74.989281,37.150002,36.842747,11.797953,17.063103,5.297055,9.040318,10.830709,5.51009,5.48097,177.385361,21.19846,203.491074,9.166702,49.456985,11.955861,6.039547,8.973689,5.245301,81.140251,58.1436,59.293667,14.410739,8.613954,18.150867,48.725025,4.011646,46.848225,4.308928,30.352993,NaN,NaN,77.261337,45.969849,38.295956,14.404398,45.274223,29.224842,20.861656,4.92966,3.180157
2017-01-31,90.40712,71.527176,11.802163,54.610634,63.829693,145.220398,34.729053,104.23336,9.525761,75.60511,37.200001,38.191788,12.364987,18.169897,4.763539,10.342987,10.455295,5.649704,5.313276,181.145508,22.075953,206.079514,9.385429,49.829185,12.526037,5.738542,8.371796,5.778874,79.062096,59.444984,61.665417,14.149358,9.341616,19.896503,50.052166,4.370415,47.575684,4.588377,28.505423,NaN,NaN,78.951424,44.391285,39.537476,15.115726,49.43055,28.756496,22.894577,5.306886,3.530514
2017-02-28,90.124306,73.610939,12.276175,56.723206,61.401138,143.76091,37.077724,104.876205,8.963217,73.52076,42.549999,40.61076,12.456443,18.953878,5.125569,11.655448,10.398982,6.236082,5.560405,183.871643,20.505697,221.80925,10.33988,50.666656,12.490401,5.524924,8.46299,5.652264,78.554115,56.702797,53.75959,15.717637,10.010279,19.708803,49.625584,4.174725,47.527191,4.579362,32.626923,NaN,NaN,87.836479,46.926556,41.542999,15.906092,56.209312,29.740023,23.088192,5.178286,3.467629
2017-03-31,91.585518,75.378403,12.276175,57.574497,64.150444,146.404602,37.963268,108.22094,9.205986,70.962692,43.299999,41.680683,12.170367,18.815527,5.335164,10.28422,10.58669,6.468772,5.560405,180.111465,20.87517,242.317642,9.981962,52.062431,12.490401,5.321017,8.27148,5.715569,76.614502,63.34911,54.13163,15.804764,10.619943,20.27191,52.896038,4.174725,52.231411,4.579362,31.992504,NaN,NaN,110.290558,48.983482,41.829498,14.878617,63.334438,29.974195,22.894577,5.135419,3.386777
2017-04-30,95.780632,78.272255,13.160925,60.666042,63.967171,152.71756,38.771843,106.922668,9.215487,73.706184,45.049999,41.308537,12.521257,18.584948,5.211311,12.634897,11.600309,6.794537,5.639839,186.869675,21.614113,266.410065,11.115372,57.226803,14.325652,5.03943,8.116446,5.824092,79.847176,62.419559,50.829784,16.536627,11.465604,21.49198,55.455524,4.533483,53.589333,4.696551,32.581604,NaN,NaN,79.772324,51.040401,47.70282,15.570187,60.068756,32.924782,24.782293,5.178286,3.503563
2017-05-31,94.173851,75.883675,12.756496,65.849159,65.034561,152.712143,36.889046,106.366249,9.414998,73.273758,47.400002,42.375332,11.819476,18.511745,5.108466,16.493929,11.018415,7.556952,5.375058,191.714798,21.106091,278.602203,11.532945,55.272717,13.648569,4.641325,7.79726,5.471391,76.522141,62.460705,54.767921,15.1426,11.330909,21.351202,59.151672,4.500871,55.975883,4.750638,32.400341,NaN,NaN,94.258835,49.079151,49.135342,15.115726,69.64386,34.985508,23.088192,4.7239,3.440678
2017-06-30,98.882538,77.013504,13.039759,71.106216,73.004723,158.977707,39.214237,112.208511,10.032532,74.859352,48.349998,43.532337,11.911815,18.473772,5.11816,17.842228,11.360531,7.0295,5.233841,211.665314,24.92882,312.728973,11.274447,60.199043,13.944815,4.904126,8.180284,6.186224,78.475243,69.363762,56.66959,17.419369,12.106182,24.20793,61.183048,4.515747,60.391155,4.930927,33.79351,NaN,NaN,102.96048,50.799675,55.342915,15.13353,92.52684,36.603985,24.22102,5.202973,3.458645
2017-07-31,98.402061,76.458466,13.057324,68.885559,65.081734,168.329361,42.077225,121.111023,10.165538,76.541039,49.099998,44.110836,12.502789,18.075058,5.021224,19.007999,11.49441,7.844654,5.463709,202.925079,25.728424,328.295563,11.3341,61.241859,13.439432,4.874876,8.760577,6.528845,77.772484,67.50708,62.184422,18.037014,12.14594,23.581034,66.454948,4.510974,58.919399,5.565046,32.674828,NaN,NaN,139.795044,60.95961,60.045742,18.176146,111.62915,37.936768,24.56354,5.373709,3.894192
2017-08-31,95.951614,74.05323,12.951541,70.074036,64.44252,179.275299,44.896786,117.67984,10.659564,72.841324,55.0,44.454453,12.669001,17.600399,5.321722,21.73472,11.035398,7.959734,5.33601,201.971588,23.894037,335.480164,10.797221,60.009438,13.196101,4.826128,9.434469,6.167189,75.552879,64.598053,68.745163,16.434719,13.000728,23.050579,62.5373,5.423678,56.762642,5.508066,37.895344,NaN,NaN,128.52916,59.501244,57.920231,21.725863,123.5681,36.127987,22.75308,5.122097,3.63899
2017-09-30,95.91851,73.932167,13.15584,69.753647,64.394897,173.90834,44.599094,118.328972,11.039584,74.982155,53.099998,44.064503,12.410449,17.164112,6.227817,23.858793,11.022881,7.623014,5.329199,208.896332,24.107914,349.051025,11.01595,62.142479,14.038404,4.999022,10.154572,6.624018,74.789238,65.27095,74.304253,16.685358,13.477818,22.511444,62.439579,6.005788,57.846653,5.878436,34.259628,NaN,NaN,140.295013,65.474258,66.809868,21.477282,113.61898,35.868931,25.248577,5.283848,3.676798
2017-10-31,95.19223,74.211685,13.565307,72.121513,63.53756,182.864517,44.730595,118.328972,10.754569,73.084488,55.5,44.795662,13.440852,17.604706,5.974019,26.872017,10.6754,7.99934,5.189691,226.208191,23.631474,397.147827,11.254562,66.029343,14.501558,5.156161,10.116324,6.481259,75.648338,63.732899,73.579567,17.204535,15.406061,21.736858,63.996918,6.73756,62.37978,5.764476,35.378311,44.650024,NaN,153.558197,69.308334,75.100151,19.727282,129.338593,38.137894,24.808197,5.193987,3.582278
2017-11-30,94.998543,74.491188,13.636489,73.924545,62.823124,183.811996,45.169182,123.782051,11.47731,70.408287,62.700001,44.649429,13.155684,18.294336,6.393762,26.773224,10.887749,8.510758,5.329199,230.632324,23.964983,405.130707,10.498957,69.907669,13.746269,5.352587,10.728275,6.852432,75.648338,64.549988,83.821762,18.126528,15.684363,22.269386,66.478928,9.163176,65.681076,5.973402,37.615669,49.190708,NaN,136.954651,73.142418,79.342819,23.117908,99.391739,38.234444,24.025293,5.211959,3.629538
2017-12-31,102.261429,74.951134,13.761129,77.85424,66.252441,176.4216,47.975819,129.002914,12.376724,76.149948,69.300003,43.674549,13.707007,19.826847,6.786177,24.747942,11.910889,9.350254,6.287153,285.068481,28.872322,462.607391,11.65225,66.771721,13.632976,6.089181,11.646203,8.584576,78.846085,66.953194,72.468376,21.796591,17.254789,30.208906,72.659615,9.555521,66.025986,7.027532,43.442139,51.129955,NaN,128.505508,79.385078,90.364006,25.40484,107.749001,38.572376,25.884687,6.0926,4.451855
2018-01-31,94.901711,74.247139,13.778852,72.121513,63.394684,184.285736,44.730595,124.066826,11.653282,77.074455,68.5,40.457451,13.155684,17.911211,6.491552,25.241913,10.984272,9.359904,5.859329,273.142548,26.204256,431.274628,10.081384,64.552429,12.858804,5.431157,10.900387,7.756573,70.064201,63.156128,73.917755,19.916803,17.970425,27.062145,65.89492,9.820588,64.597076,6.419746,41.158165,50.325878,NaN,153.165207,76.19001,81.391006,25.703136,130.035034,38.234444,22.75308,5.643293,4.035971
2018-02-28,90.931328,74.99807,14.348504,69.832687,66.633469,172.063187,44.81839,117.706863,10.832077,77.025795,71.25,41.139866,12.072052,17.508926,6.177286,22.327486,10.598181,8.066886,6.40806,245.443558,25.966034,408.722992,9.842771,64.648926,13.519682,5.293659,11.053375,7.670918,68.680092,61.666149,70.24601,17.455175,20.723637,27.643085,64.094246,10.204962,65.434715,6.391255,40.194218,48.339329,NaN,139.116074,81.25296,77.831062,26.747169,144.162781,36.882721,21.138346,5.526474,3.988711
2018-03-31,90.156616,78.765335,14.63333,74.268005,55.678722,192.174576,43.897411,121.486168,11.472528,75.906654,69.400002,43.138367,13.022465,17.853741,6.845101,20.746778,11.621321,7.902846,7.1335,247.367126,25.299015,390.162811,11.115372,67.157684,14.274972,5.68651,12.583254,7.918366,71.782387,59.695518,67.637161,17.419369,20.077576,28.804966,66.235588,11.066351,69.672195,6.628672,43.575485,55.812534,NaN,112.294952,84.74295,75.636581,25.355124,129.438095,39.441341,22.01911,5.805044,4.064327
2018-04-30,85.750473,79.635124,15.096257,71.672867,51.963631,188.99733,45.256878,121.294548,11.907692,79.819534,69.050003,43.040882,13.022465,17.598534,7.640587,21.981705,11.254536,7.767756,7.1335,246.867065,25.013153,398.345276,10.598377,66.964706,15.162436,6.373997,12.621501,7.537676,66.818726,56.90781,72.178505,18.350311,24.401211,27.885143,63.753582,13.147162,70.953308,6.172832,44.718452,58.302593,NaN,116.02829,90.248299,75.002617,28.338079,158.78801,38.089619,21.431932,5.58039,3.875288
2018-05-31,82.399734,81.664658,14.706373,70.160713,54.099831,190.14949,40.0383,113.438194,10.918681,81.99015,60.75,43.128071,12.236131,15.996871,6.854922,20.104616,10.6754,6.165957,6.867846,229.553284,24.632,393.799988,9.8,69.13575,13.047626,5.863292,12.9466,6.900019,68.003036,57.459312,74.418343,16.667454,23.700001,25.609795,61.776657,11.967599,68.287254,5.574542,40.827553,53.777039,18.280001,108.561607,96.018456,70.418579,26.6,145.257187,35.675827,19.817198,5.400668,3.676798
2018-06-30,84.479538,87.295235,15.897085,71.113991,54.790257,207.012924,43.219696,117.845413,11.057143,83.963432,63.049999,43.724312,12.92657,16.313248,6.373703,17.9,10.93027,6.248191,7.41649,225.273499,24.23484,355.200012,9.67,76.452225,14.999607,5.910495,12.826706,6.766777,69.076263,57.558125,68.849281,16.809128,20.5,28.573526,59.545555,10.666511,68.187714,5.517562,39.319027,55.02879,15.9,99.52858,95.423607,72.12262,24.299999,129.5,37.43338,19.58,5.33343,3.478307
2018-07-31,89.579994,89.826942,16.036011,65.632683,54.297096,206.237564,40.996971,111.617813,10.364835,87.56469,58.099998,40.196556,12.753961,15.324567,6.363412,16.68,11.009189,5.871315,7.73,217.297485,24.431473,340.0,9.13,76.845291,14.008881,5.762486,13.569716,6.95,72.00322,56.71822,69.637825,17.5,19.799999,27.229475,55.48,9.890402,67.391357,5.78,37.275215,50.118084,10.14,86.589867,102.115654,74.896561,22.65,99.75,37.728905,17.74,5.67,3.53
2018-08-31,89.332397,89.242706,15.420768,66.697769,54.5,207.347183,38.873028,109.22258,10.562637,84.604759,49.650002,41.200001,12.869034,15.126831,6.542104,15.6,11.502433,5.51,7.681014,221.473633,24.087368,323.200012,9.22,75.715218,13.711662,6.25585,15.153502,6.84,77.150002,62.0,71.165611,17.879999,16.620001,27.279255,58.256477,7.263576,69.581329,5.72,34.501472,49.610317,10.08,80.91674,99.537979,78.760277,26.049999,90.300003,36.645309,17.780001,5.87,3.48
2018-09-30,78.949997,86.160942,14.96,62.071342,52.349998,179.063705,36.5,97.629654,9.830769,81.349998,42.400002,38.0,11.795016,14.2,5.559299,15.0,11.76,5.49,6.36,205.654083,24.549999,267.0,8.14,68.296005,13.652218,5.74,13.46,6.22,73.300003,57.299999,62.099998,17.76,16.540001,26.6,50.900002,7.010553,59.349998,5.3,30.073215,47.694672,6.9,59.650002,86.599998,73.849998,23.1,68.0,29.299999,15.62,5.88,3.34
2018-10-31,81.800003,84.543587,15.78,65.230865,53.0,177.264145,40.200001,106.827347,10.404396,86.5,48.049999,40.599998,13.332676,15.84,5.728064,15.42,12.56,5.71,6.65,225.428513,27.299999,312.0,9.07,73.209389,14.82,5.49,13.3,6.67,77.650002,59.5,63.950001,17.379999,15.84,29.0,56.349998,7.120249,63.849998,5.56,32.944283,46.221096,8.88,55.450001,95.0,75.699997,24.200001,75.699997,30.5,16.799999,5.95,3.42
2018-11-30,75.199997,86.749069,16.200001,63.183262,54.5,172.552795,39.0,110.520279,10.246154,82.699997,49.799999,41.200001,13.293055,14.92,5.48,13.8,12.28,6.03,5.59,224.044312,26.9,314.0,8.36,79.300003,15.06,4.88,12.1,6.46,75.349998,59.299999,57.0,17.16,11.3,30.1,57.299999,5.145726,65.0,5.59,33.382244,46.02462,6.7,45.450001,88.75,69.150002,24.4,69.599998,29.1,16.639999,6.11,3.38
2018-12-31,78.949997,89.686882,17.02,65.035851,52.75,176.282608,44.450001,129.930649,12.164835,92.699997,54.0,43.799999,13.927001,17.1,6.33,13.26,11.86,6.72,6.57,241.248062,29.5,346.0,8.95,86.0,15.7,5.06,13.12,7.01,82.300003,63.349998,61.599998,19.799999,13.46,30.5,65.75,6.6,70.5,6.06,36.301971,52.557465,7.15,48.5,92.349998,75.900002,24.25,77.099998,30.1,19.34,6.65,3.62
2019-01-31,83.550003,91.809357,18.18,62.549477,54.5,190.907394,44.400002,128.742264,12.402198,93.349998,55.75,45.099998,14.481703,18.540001,6.33,14.74,11.94,6.97,6.78,267.548065,28.9,335.799988,9.31,88.75,14.88,5.19,13.54,6.98,82.599998,65.449997,63.450001,19.360001,13.4,29.299999,65.150002,6.81,78.5,6.04,39.200001,54.178398,9.17,46.650002,98.0,82.650002,24.25,93.0,32.799999,21.6,6.59,3.66
2019-02-28,82.449997,89.834961,18.82,63.900002,54.450001,190.122162,49.900002,133.39679,12.876924,101.0,53.450001,48.599998,15.036407,19.16,6.52,15.0,11.72,8.4,6.19,270.514221,29.799999,361.0,9.95,91.800003,11.8,5.09,14.7,6.73,80.0,64.449997,68.800003,17.9,14.6,35.200001,69.800003,7.16,78.150002,5.75,39.450001,57.420261,9.98,46.450001,105.199997,87.900002,29.200001,93.75,32.5,21.1,6.43,3.56
2019-03-31,85.599998,91.199997,19.1,66.5,54.400002,198.399994,50.049999,141.5,13.76,102.300003,61.299999,48.650002,14.92,19.58,6.64,16.76,12.02,8.88,6.32,280.0,30.049999,376.0,10.3,92.099998,11.7,5.21,14.4,6.96,79.5,64.150002,69.900002,18.059999,15.36,35.400002,71.0,7.45,80.0,5.94,42.599998,58.058807,9.02,50.400002,107.699997,91.300003,29.299999,99.650002,35.0,21.9,6.57,3.75
