Date,ADV.DE,AFX.DE,AIXA.DE,AM3D.DE,BC8.DE,COK.DE,COP.DE,DLG.DE,DRI.DE,DRW3.DE,EVT.DE,FNTN.DE,GFT.DE,JEN.DE,MOR.DE,NDX1.DE,NEM.DE,O1BC.DE,O2D.DE,PFV.DE,QIA.DE,RIB.DE,S92.DE,SBS.DE,SMHN.DE,SOW.DE,SRT3.DE,UTDI.DE,WAF.DE,WDI.DE
2009-03-31,1.25,7.635179,5.5226,NaN,3.617306,0.719558,3.497142,1.33,0.808342,17.05316,0.67,2.727421,1.579254,3.087726,13.84,13.07,1.140851,26.593872,NaN,34.964661,12.465596,NaN,40.005074,12.762634,1.8,12.085396,0.936331,7.104532,NaN,5.934076
2009-04-30,1.34,7.737665,7.878659,NaN,4.125443,0.772301,3.462856,1.81,1.151275,18.364941,0.74,3.50347,1.705892,2.998743,13.66,12.28,1.278629,29.697525,NaN,35.915466,12.495533,NaN,48.034763,14.12342,2.07,12.757118,1.635076,8.106685,NaN,6.047105
2009-05-31,1.16,8.707746,8.354564,NaN,4.255654,0.753464,5.151427,2.5,1.285999,16.496401,0.99,4.020836,1.534558,2.660606,16.35,11.18,1.290218,26.354445,NaN,38.529026,13.153208,NaN,44.509121,15.56629,2.93,13.839731,1.591696,7.462443,NaN,6.546322
2009-06-30,1.56,8.585837,10.96775,NaN,4.820558,0.776068,5.828569,3.95,1.928998,18.675522,1.32,4.864368,1.608335,3.06993,16.32,11.33,1.664922,25.272602,NaN,38.470013,13.342527,NaN,48.15889,16.178253,2.92,14.413555,1.451547,8.008256,NaN,7.199404
2009-07-31,2.13,8.34202,13.056389,NaN,6.588799,0.802439,6.102856,3.97,2.265807,19.389526,1.58,5.252393,1.717639,3.007641,15.65,12.77,1.800124,24.385845,NaN,38.470013,14.279239,NaN,44.365227,15.773149,3.31,14.666162,1.57668,8.822504,NaN,6.980084
2009-08-31,2.18,9.674305,17.758217,NaN,6.062536,1.024711,6.617141,4.6,2.474016,24.294868,1.67,5.246769,2.108011,3.247897,17.1,11.92,1.783385,31.923288,NaN,41.383846,14.4486,NaN,60.132099,18.333057,3.56,15.92352,2.035502,9.225155,NaN,7.762006
2009-09-30,2.38,8.820946,19.427221,NaN,5.704678,1.216844,7.182855,5.93,2.645483,22.672121,2.03,5.044322,1.834751,3.292388,17.809999,11.09,1.94434,31.169544,NaN,37.710201,14.050002,NaN,55.952202,18.729538,3.19,16.626408,2.485983,7.927727,NaN,8.439036
2009-10-31,2.56,9.43049,22.860603,NaN,5.652052,1.137731,6.685712,6.32,3.288482,25.852705,2.15,5.398606,1.889403,3.327982,17.84,10.59,2.248224,29.174337,NaN,39.561783,14.67774,NaN,76.010529,21.323915,3.59,19.618908,2.816334,8.044048,NaN,8.067144
2009-11-30,2.53,10.849851,22.412357,NaN,6.592306,1.469255,6.385712,7.62,3.092521,27.716549,2.13,5.280511,1.905018,3.372473,17.040001,10.48,2.078255,27.312145,NaN,43.154278,15.564651,NaN,80.035942,22.909853,4.45,20.975183,2.652827,8.249847,NaN,9.201887
2009-12-31,2.499,10.309973,20.838724,NaN,6.595815,1.781942,6.857141,10.155,2.869002,35.515018,1.9,5.173102,2.061167,4.002477,16.879999,9.764,2.05379,25.250431,NaN,43.810814,15.734012,NaN,72.955009,21.841074,3.79,22.669064,2.82134,9.533852,NaN,8.869093
2010-01-31,2.81,10.301263,20.600294,NaN,6.841403,2.373412,7.542855,11.285,3.168456,43.582401,1.935,5.907537,2.537421,4.046968,15.6,8.95,2.355098,24.651873,NaN,42.357586,15.97313,NaN,65.633766,23.039143,4.389,23.317017,2.894752,10.164671,NaN,8.420918
2010-02-28,4.353,10.318677,25.392723,NaN,7.988655,2.244946,7.425427,11.42,3.276234,47.847908,2.003,5.145545,2.771645,3.888578,16.790001,8.45,2.504465,25.538631,NaN,41.678921,16.98958,NaN,77.890205,22.62973,3.88,24.206537,3.278494,10.048349,NaN,6.674944
2010-03-31,4.21,10.613256,22.70801,NaN,7.876385,2.102164,7.165711,11.125,3.270111,48.775188,2.002,4.936912,2.36878,3.909043,15.35,7.825,2.742679,24.026705,NaN,41.310085,17.278502,NaN,79.126144,24.099304,4.579,23.728828,3.503734,10.142302,NaN,8.080498
2010-04-30,4.06,10.139885,20.929327,NaN,7.858843,2.158674,6.951426,9.187,3.170905,45.154148,1.926,4.551137,2.38908,3.602051,14.82,7.7,2.803842,25.804659,NaN,42.844456,17.343271,NaN,70.474541,23.090858,4.071,22.177685,3.539664,9.34595,NaN,7.920298
2010-05-31,4.21,9.945227,18.928936,NaN,7.371173,2.406187,7.311481,9.927,2.941867,43.448532,2.03,4.701285,2.495666,3.515737,14.52,7.494,3.194706,24.829224,NaN,46.866894,15.943289,NaN,73.735039,23.827183,4.0,24.281101,3.521521,8.082523,NaN,6.694015
2010-06-30,4.677,10.484959,22.013403,NaN,8.168526,3.062579,7.276116,10.26,2.983366,48.452824,2.0,4.610747,2.490829,3.933069,15.77,7.843,3.611838,25.538631,NaN,46.412022,14.20449,NaN,82.707764,25.149939,4.41,24.568218,3.755563,8.500383,NaN,7.928096
2010-07-31,4.22,10.113341,18.804214,NaN,8.262691,2.838449,7.514823,8.92,3.326378,57.909546,2.51,4.579681,2.631897,3.905484,16.4,7.319,3.482945,24.297167,NaN,47.25238,14.124751,NaN,74.380302,24.352781,4.5,23.772854,3.069764,9.050673,NaN,8.839869
2010-08-31,5.51,10.219519,20.914892,NaN,8.955094,2.835281,8.251274,11.965,3.458007,62.679996,2.32,4.981479,2.539196,3.790696,16.67,6.75,3.426288,25.538631,NaN,53.504894,13.07846,NaN,70.656921,26.455179,5.9,25.441114,3.193136,10.612059,NaN,9.638759
2010-09-30,5.886,11.060083,22.497902,NaN,9.970623,3.712793,8.365323,13.11,3.981928,56.356812,2.386,5.256849,2.821329,4.262308,17.219999,6.929,4.138741,28.079193,NaN,53.003761,13.566678,NaN,73.944305,23.691401,6.02,28.915638,3.719278,11.520259,NaN,10.35274
2010-10-31,5.33,11.719266,22.521885,NaN,10.140491,3.682698,8.50501,14.34,3.572777,52.942657,2.703,4.244274,3.345289,4.487437,15.745,4.617,4.080669,29.706392,NaN,66.495636,13.980244,NaN,58.414257,25.5091,7.289,27.152534,4.147448,9.7486,NaN,9.807605
2010-11-30,5.861,12.639464,26.484201,NaN,10.705493,3.702101,9.782529,17.030001,3.955342,57.432495,2.92,4.558899,3.329167,4.804217,18.530001,5.505,4.51409,32.23365,NaN,67.844818,14.578138,NaN,60.602943,27.953136,9.135,31.528641,4.980203,10.884967,NaN,9.889617
2010-12-31,6.33,12.387296,28.916277,NaN,11.257569,4.373698,10.547275,16.450001,3.877533,53.849987,3.339,4.932987,3.595179,4.961718,19.209999,5.437,4.582077,35.470322,NaN,65.030807,13.412287,NaN,63.506649,27.786699,10.675,33.093613,4.898561,10.840227,NaN,11.303111
2011-01-31,6.65,12.984538,28.662037,NaN,10.376832,3.839906,10.078702,14.805,4.649148,55.54303,3.037,4.826187,3.52263,5.136126,19.67,6.519,4.346244,36.299435,NaN,74.775787,14.956777,8.11076,67.107948,28.03636,12.95,33.581707,5.204266,11.229456,NaN,11.621507
2011-02-28,5.926,13.183619,29.640623,NaN,11.013844,3.746056,10.167112,14.645,4.720474,64.101776,2.967,4.658771,3.304985,5.025785,18.764999,7.72,4.468764,36.955639,NaN,76.310013,14.045013,7.119446,77.118332,24.703178,11.915,33.56741,5.569844,11.363671,NaN,12.210059
2011-03-31,5.254,12.99781,27.630682,NaN,11.872425,3.995529,10.100806,14.09,4.947419,66.131554,3.054,4.964738,3.530692,4.932354,19.85,6.788,4.497092,42.555515,NaN,72.085121,14.398799,6.848185,70.186058,26.630379,11.73,36.682884,6.3137,11.837905,NaN,12.436797
2011-04-30,4.839,14.423534,26.599329,NaN,11.4736,3.999489,9.857679,13.175,5.187335,74.624825,2.62,5.431769,3.224375,5.855111,20.65,7.126,4.652897,47.441555,NaN,65.94825,13.770966,5.542353,66.096451,27.066942,10.755,33.40657,6.939542,12.115285,NaN,11.93508
2011-05-31,4.225,13.794862,23.068447,NaN,11.392359,3.635179,9.604777,12.56,5.530961,73.209763,2.543,5.515477,3.192132,5.739433,20.389999,6.21,5.292645,48.017948,NaN,69.046143,13.173167,6.21825,69.856697,27.280628,10.02,36.734608,6.196717,13.168113,NaN,11.891661
2011-06-30,4.292,13.907124,18.411621,NaN,12.431893,3.977877,9.106414,13.715,5.896427,82.13755,2.109,4.861979,2.738626,4.825573,19.705,5.023,4.970149,54.101109,NaN,62.282856,11.69834,4.866457,58.198757,28.905537,8.718,30.292828,7.093971,12.872864,NaN,11.668948
2011-07-31,3.781,12.937175,15.2989,NaN,10.512406,3.405505,8.028142,13.605,5.302027,66.373695,2.029,5.483345,2.628912,4.40913,19.5,4.443,4.329981,43.628494,NaN,59.975201,10.741766,3.391199,65.928276,25.045826,7.86,27.243093,6.251452,11.505633,NaN,11.85386
2011-08-31,3.361,11.998655,10.754818,NaN,9.75123,3.190097,8.064387,12.88,5.0924,68.455894,2.274,5.54635,2.537625,4.153748,19.225,3.722,4.471525,51.656536,NaN,52.844616,10.393065,4.240125,35.801327,26.04303,6.399,21.108063,5.864402,11.564681,NaN,11.211534
2011-09-30,4.277,12.425256,10.029333,NaN,10.535768,3.369809,8.426832,13.95,5.733002,72.18293,2.426,5.887838,2.3115,4.267647,17.66,4.49,4.481176,57.294197,NaN,58.633724,10.034291,4.056282,39.452389,26.087545,7.65,26.691832,6.724514,12.959167,NaN,11.240729
2011-10-31,4.161,13.211096,9.499925,NaN,10.479312,3.570857,7.384804,13.645,4.599365,64.614754,2.539,6.171363,2.161588,4.436716,17.235001,4.184,4.108013,47.418827,NaN,55.096378,10.951043,3.352448,39.838871,27.334049,7.57,28.305607,7.623722,13.009131,NaN,11.951182
2011-11-30,3.625,14.657041,9.656787,NaN,10.200927,3.6164,7.883164,12.58,4.90484,59.61367,2.337,6.300522,2.278,4.059426,17.530001,3.95,4.149832,38.829899,NaN,53.994446,10.612226,3.412827,39.252335,28.268927,5.625,25.389248,6.939542,12.536735,NaN,12.087435
2011-12-31,4.123,14.504363,10.102862,NaN,10.598063,3.538853,7.507129,16.5,5.142049,64.60524,2.613,6.467486,2.428751,4.749047,19.674999,4.612,4.487609,43.663536,NaN,62.793903,12.430763,3.487627,42.957958,26.888872,7.1,22.14835,7.310954,12.972794,NaN,13.372089
2012-01-31,4.829,15.761705,12.220492,NaN,11.877073,3.863812,9.64102,16.115,5.116535,78.324951,2.754,6.407631,2.654876,5.080066,18.51,4.541,4.875249,45.820225,NaN,64.909912,11.464211,4.05538,34.919258,26.661827,10.055,25.362574,8.49361,13.163569,NaN,14.418303
2012-02-29,5.37,16.345474,12.803822,NaN,13.004235,4.644616,9.604777,18.315001,6.20604,79.865204,2.832,7.642534,2.594576,4.983963,19.235001,4.534,4.99508,52.025444,NaN,67.83242,11.633571,4.824101,30.899904,27.601158,10.76,24.966909,9.290228,12.836526,NaN,13.892763
2012-03-31,5.44,19.219204,13.56362,NaN,13.245632,5.465221,10.538071,16.645,6.569438,80.815987,2.58,8.272586,2.613,5.534771,20.625,3.364,4.974974,53.255135,NaN,73.206314,12.445733,4.789855,28.781105,32.026253,10.5,23.473164,10.360442,13.572376,NaN,13.625128
2012-04-30,4.599,17.934877,11.573439,NaN,12.268368,5.114413,10.873332,15.625,5.679906,78.771805,2.052,7.003031,2.520875,4.591547,17.049999,3.265,4.825387,42.187904,NaN,66.035797,12.938941,4.460017,22.315586,29.519888,8.955,21.303671,10.756302,12.550361,NaN,14.228525
2012-05-31,4.087,17.36813,11.26,NaN,11.32225,5.713453,9.868211,14.265,5.634697,74.134178,2.135,7.989297,2.552666,4.449173,17.605,2.967,5.567132,43.512184,NaN,66.552299,13.138239,4.261511,25.787428,31.72271,9.057,22.126091,10.955299,12.30962,NaN,14.880585
2012-06-30,4.94,17.985151,10.73,NaN,12.782006,6.396063,10.572422,15.635,5.698176,75.897003,2.6,8.309844,2.6847,5.046661,18.200001,3.05,5.244126,39.194035,NaN,66.568871,14.443609,4.444801,23.886093,29.547436,9.158,24.050295,11.86021,13.376835,NaN,15.777899
2012-07-31,5.14,17.697206,11.77,NaN,12.891271,5.5007,12.509002,17.115,6.553275,70.055847,2.577,8.494507,2.535062,5.445588,19.5,3.141,5.605134,34.498409,NaN,65.425972,14.244311,4.29267,23.532578,30.725716,7.761,24.89242,11.499922,14.946211,NaN,16.684389
2012-08-31,4.968,18.204542,10.375,NaN,12.369683,5.177255,13.259541,15.16,7.049159,73.495743,2.728,8.849895,2.860746,5.41349,24.0,3.16,6.379404,36.28083,NaN,68.829781,14.269259,4.388898,26.002401,32.379818,7.461,25.372337,12.966214,14.73727,NaN,17.512487
2012-09-30,4.33,19.342607,10.16,NaN,12.000652,5.127989,12.972297,15.34,7.094713,71.933014,2.762,8.888223,2.860746,6.698311,26.200001,2.693,6.534256,42.01141,3.040677,65.177513,13.357496,4.389814,15.80304,29.502123,7.26,27.989256,13.510838,14.33332,NaN,17.277287
2012-10-31,4.265,20.393839,9.615,NaN,11.771814,5.695623,12.833308,15.645,8.129048,70.513222,2.755,9.978781,2.711107,7.2348,26.93,2.934,6.326201,42.16473,2.953418,72.341248,14.164573,3.922423,15.817373,30.204552,8.455,29.234329,14.920572,16.004843,NaN,18.512079
2012-11-30,3.98,19.881937,8.879,NaN,12.637691,5.779161,13.56995,13.295,8.32322,72.91449,2.626,9.755792,2.851944,6.769844,29.299999,2.993,6.308152,40.123569,2.981297,75.836159,13.701207,4.023233,18.162987,34.120041,8.44,29.071339,14.08688,15.145864,NaN,18.227882
2012-12-31,4.499,21.993536,10.05,NaN,13.709733,6.226843,15.015435,13.15,9.028957,86.073784,2.762,11.055402,3.001583,7.387035,31.200001,3.95,7.263874,39.126953,3.263213,76.051483,15.415154,3.996655,18.153431,34.62307,9.116,25.684738,15.835958,15.902695,NaN,16.434492
2013-01-31,4.288,21.938688,10.21,NaN,15.433241,6.665957,15.854,14.18,9.256734,93.344261,2.691,11.929939,2.974296,7.049551,29.700001,4.0,8.224309,40.602715,2.850151,72.051392,16.222326,3.830777,21.182186,34.908573,8.62,27.378038,18.481571,16.775602,NaN,19.727272
2013-02-28,3.609,22.546572,11.31,NaN,14.940515,6.441045,15.923494,10.35,10.645805,96.002815,2.252,13.208644,3.02799,7.385201,31.875,4.845,8.936827,39.524639,3.083532,71.264618,16.202368,4.069056,17.838135,31.695526,8.914,27.310127,17.490772,17.616007,NaN,21.118862
2013-03-31,3.649,21.612707,10.83,NaN,13.854044,7.092218,16.22464,9.02,11.456097,89.199234,2.721,13.177288,3.116013,7.986801,34.485001,5.709,8.72121,37.133713,3.111417,76.391045,14.991608,3.638322,17.962341,31.011215,8.69,24.036711,17.065552,19.33396,NaN,19.962469
2013-04-30,4.067,22.904547,13.795,NaN,15.711555,7.537758,16.678671,12.005,9.424767,91.953064,2.801,11.525771,3.520919,8.624168,37.294998,5.96,8.789611,44.560452,2.94877,68.631035,14.418661,3.77579,24.521465,32.774094,8.639,24.072933,17.652485,20.411167,NaN,21.804857
2013-05-31,3.871,23.699165,12.915,NaN,14.509639,7.576314,17.25569,9.618,10.487642,101.296608,2.713,12.579346,3.746131,8.709456,43.244999,5.37,10.463025,50.260437,3.161672,68.894325,15.041505,3.679562,22.477371,31.119976,7.88,21.186695,18.285303,20.137222,NaN,20.491667
2013-06-30,4.08,23.694517,11.86,NaN,16.084219,11.197655,17.364338,12.425,11.226266,97.160095,2.54,13.490186,4.286526,8.816086,51.490002,6.299,9.638665,53.432636,2.925116,70.833054,15.489902,4.608861,25.187794,25.619171,7.225,21.071527,18.214499,22.807016,NaN,22.856966
2013-07-31,3.915,21.426832,11.835,NaN,15.953562,9.448857,15.304802,13.77,12.919795,87.54026,2.623,13.377736,4.645568,9.670945,54.68,8.817,9.479121,72.912071,3.006432,76.259789,15.146095,5.857708,23.781118,28.318352,6.687,21.334114,17.701166,24.274244,NaN,23.324938
2013-08-31,4.602,20.511393,12.49,NaN,16.447887,10.160422,17.043125,14.145,14.535788,90.66671,3.297,13.407722,4.493525,10.812005,57.389999,10.81,9.452657,78.150558,3.318048,78.328346,15.878518,5.827318,24.825098,29.16127,6.68,24.245615,18.267599,26.001486,NaN,24.911135
2013-09-30,3.942,21.645239,10.635,NaN,20.600691,12.616322,18.134304,14.19,15.519259,83.211357,4.324,14.382283,5.541343,12.051269,57.110001,12.95,10.279129,72.242714,3.303265,74.355667,16.879904,6.257529,29.486235,28.967812,7.833,25.19001,17.192257,27.022972,NaN,26.457918
2013-10-31,3.88,22.161041,10.22,NaN,20.820637,12.357572,17.293482,13.91,17.629032,87.347878,4.025,15.664207,6.035941,11.368505,56.439999,10.695,10.604646,73.969475,3.411875,79.271744,17.11413,6.828294,28.868671,29.967335,6.655,25.954741,18.254326,27.454782,NaN,27.137718
2013-11-30,3.74,22.50491,10.515,NaN,21.543621,13.740548,17.477705,15.635,17.139336,91.311234,3.665,16.32766,5.907712,11.550888,55.849998,9.602,10.636353,72.174805,3.411875,85.624565,16.874914,6.837791,22.506779,27.866953,6.464,23.402569,19.143808,28.71307,NaN,28.290419
2013-12-31,3.82,20.200052,11.32,NaN,23.82799,14.777781,18.65863,14.44,18.612501,86.866882,4.1,16.968622,6.364758,11.681828,64.959999,9.905,11.149991,81.875725,3.362974,76.251122,16.207357,8.167362,30.476297,30.137766,7.237,25.392708,21.783493,30.106007,NaN,31.989897
2014-01-31,3.53,20.599688,12.175,NaN,25.069258,16.394974,18.011484,16.84,20.66514,93.341026,4.119,18.362995,6.548859,11.948386,67.279999,11.795,11.625583,91.130394,3.298145,74.000809,16.277117,10.085742,42.548206,30.589161,7.3,26.595085,21.750307,31.308577,NaN,33.487427
2014-02-28,3.318,18.940742,11.87,NaN,27.233852,15.368893,17.194283,17.93,21.497623,85.770233,3.863,19.030195,7.510579,12.317829,67.300003,11.72,12.682455,101.277534,3.290185,76.744469,15.156075,10.731534,37.740032,29.01848,6.99,24.22258,21.945019,31.652163,NaN,29.674646
2014-03-31,3.232,20.814737,11.445,NaN,27.878441,14.121983,18.148472,18.215,21.905704,81.960777,3.592,18.677855,7.869622,11.228211,61.720001,11.485,13.242598,89.384224,3.404483,74.217194,15.74399,10.65081,29.549952,30.400312,6.996,24.964273,20.754614,28.731646,NaN,29.768238
2014-04-30,3.373,20.805243,10.73,19.57,28.222515,16.406128,18.696423,22.695,22.073017,73.418388,3.68,17.077324,9.282893,11.789388,66.449997,16.040001,14.794082,91.615433,3.239012,69.19725,16.770325,12.697398,28.785349,33.610767,8.646,26.02384,20.52368,31.485012,NaN,31.526848
2014-05-31,3.184,21.26568,10.57,20.0,27.251276,16.700565,20.049917,25.325001,25.222536,76.359062,3.585,18.557779,9.27887,11.134681,68.5,16.23,16.208727,88.366959,3.807727,72.114929,17.637276,12.488465,26.90815,34.725445,8.751,24.703176,20.313831,30.242865,NaN,31.063797
2014-06-30,2.778,21.075811,10.145,19.35,26.214861,15.91118,17.920637,22.855,24.399118,65.640961,4.036,15.817651,8.699524,9.441603,71.720001,13.715,17.309845,79.061584,3.70369,66.535942,18.250044,10.445222,19.850275,36.514996,8.341,17.586901,20.613613,28.15148,NaN,27.516317
2014-07-31,3.087,22.025171,9.976,19.35,27.175095,15.193231,18.368652,22.434999,25.213865,70.085762,3.683,16.249043,9.250835,9.546141,70.209999,13.75,17.981089,91.042389,3.648829,61.431568,18.364614,10.073201,23.918356,36.524364,5.786,18.402063,20.855749,30.731638,NaN,28.119549
2014-08-31,2.916,21.835299,9.82,17.74,27.314846,14.008039,18.267487,22.245001,23.142324,68.179451,3.099,16.460741,10.647806,8.462754,77.690002,14.605,17.539722,82.303329,3.300729,59.685329,17.966112,10.345062,20.487444,38.481693,4.764,18.383324,20.638981,31.671589,NaN,28.93045
2014-09-30,2.86,20.387524,9.711,18.18,27.955004,14.853625,17.631596,27.42,24.000412,75.522614,2.929,16.684425,10.292723,8.664226,75.730003,13.48,18.247747,82.606018,3.126126,55.55706,18.678577,10.197207,19.428762,39.610199,4.706,18.781536,20.062471,29.331116,NaN,28.238216
2014-10-31,2.881,20.99037,9.546,19.0,28.049675,15.541948,20.493116,28.700001,25.582237,80.88166,3.229,18.969198,10.745921,8.696538,79.169998,15.63,18.390272,91.296257,3.36212,57.831646,19.146839,9.70118,20.717806,47.060238,4.881,19.999594,21.51066,33.297703,NaN,33.751373
2014-11-30,2.99,20.031513,9.37,19.299999,29.74474,16.17329,19.173155,29.325001,25.638577,81.572212,3.675,18.929255,11.605596,9.850247,76.629997,15.005,19.220133,90.622513,3.519184,61.431568,19.291348,10.435684,14.997985,42.841202,4.7,18.926767,23.348568,35.233997,NaN,36.050579
2014-12-31,2.93,22.172323,7.027,18.799999,33.838131,17.349363,22.073214,34.09,29.903006,86.892342,3.669,21.138132,12.764284,11.304264,76.0,17.315001,21.275248,105.747429,3.930579,71.344795,20.26289,10.793396,10.773064,44.714249,4.67,22.018761,26.173456,36.159847,NaN,39.279358
2015-01-31,3.463,23.321049,7.164,18.9,32.715603,16.674717,26.601549,39.544998,32.386257,95.58741,3.848,21.301903,15.441421,11.722412,74.480003,18.705,26.976229,120.833275,3.919417,66.329971,22.395294,12.658275,11.733718,42.326115,5.672,23.232138,28.710091,37.668468,NaN,40.782497
2015-02-28,4.385,23.11219,6.734,18.049999,30.00621,17.110048,25.946384,42.064999,31.658182,112.870567,3.76,22.42831,17.179455,11.9695,58.810001,18.940001,27.723335,156.717087,4.286165,70.879135,23.386797,12.477034,11.723915,42.710091,5.722,22.721491,27.349531,39.858543,NaN,38.923351
2015-03-31,4.843,21.795172,6.398,17.799999,29.668098,16.943663,24.578251,40.560001,35.857601,100.518509,3.721,23.219194,15.824536,10.311161,64.43,19.395,26.700377,144.462891,4.432066,74.658165,21.538418,12.715508,13.110984,41.815712,5.468,24.295595,34.060085,37.762463,NaN,38.972794
2015-04-30,6.361,21.334002,6.907,18.75,30.15498,15.505481,29.082495,50.709999,36.681019,97.509651,3.749,23.922199,18.268064,11.061928,66.839996,21.809999,26.585436,164.723831,4.014293,75.401421,22.200987,13.683719,16.679131,43.323513,5.417,24.075409,38.300011,39.91024,NaN,37.311428
2015-05-31,8.58,21.972916,6.37,19.865,30.650873,14.721432,30.609888,48.490002,36.050003,94.899239,3.55,25.315548,17.296261,10.282651,64.379997,21.495001,28.11657,143.681763,4.310608,73.753906,21.956877,13.798186,19.654222,46.946171,5.082,23.468119,39.841084,38.002975,34.395302,33.968929
2015-06-30,10.575,24.61985,5.401,19.870001,36.213116,16.560215,28.04484,45.32,34.693455,90.001732,3.442,26.203665,21.172594,11.523007,73.57,25.844999,32.805908,150.305176,4.714989,77.020782,25.434475,16.037325,29.623472,48.176723,5.747,26.012568,46.86554,42.920723,32.331585,35.829151
2015-07-31,9.25,22.957712,5.7,15.41,72.762924,14.222385,27.12318,42.764999,36.342945,83.751472,3.783,23.468094,20.481514,11.648785,63.029999,25.709999,30.356544,178.383072,4.454851,87.153648,22.678938,14.295606,32.819122,44.822403,5.25,23.568369,46.949173,41.310066,24.568071,36.836536
2015-08-31,9.577,24.014565,5.417,14.725,37.662766,14.636744,28.810455,35.77,42.823746,74.321777,3.975,24.74581,20.632984,12.258314,59.610001,24.43,32.723129,188.495056,4.553236,95.237785,22.953369,13.562251,37.857658,49.402519,5.654,24.909813,50.807835,43.139931,24.125847,42.384594
2015-09-30,9.848,25.604641,5.79,17.299999,39.280754,16.821543,26.138123,33.650002,42.282928,64.743973,3.967,25.705145,25.437408,14.212677,56.27,29.74,38.225677,176.321411,4.882576,104.650818,21.981827,10.85559,43.033436,50.362247,6.904,25.239206,49.171185,45.036503,23.388803,46.652332
2015-10-31,11.8,25.868856,7.556,17.709999,41.913502,19.237068,32.297161,35.34,38.172714,69.384766,4.21,26.693806,28.480997,14.415854,56.029999,31.799999,40.840607,169.645538,4.436508,96.160622,25.045856,9.504672,46.292801,51.283981,8.219,24.165096,53.221004,48.081509,23.349495,46.017136
2015-11-30,11.12,27.430117,4.128,19.0,41.179325,20.590794,32.965244,31.115,35.234272,67.745682,4.17,26.237179,29.901024,13.922427,57.650002,32.75,44.823868,167.583878,4.077985,86.332321,25.025993,10.903837,50.699074,57.964096,8.345,25.224886,57.450008,48.519905,22.199711,46.151119
2015-12-31,8.69,26.157089,3.319,14.9,37.789024,19.029886,35.988689,28.040001,34.026443,60.656132,3.418,23.941479,25.920214,11.987412,43.82,29.719999,40.855217,172.934372,3.804508,77.980545,20.845816,9.387914,44.121521,51.150944,8.911,29.645445,56.565979,45.236641,16.509743,46.046909
2016-01-31,9.572,27.814426,3.361,17.83,36.942619,22.125805,35.925293,30.440001,33.724491,61.001724,3.167,23.053358,22.332281,11.75521,37.435001,26.895,38.90741,152.563171,3.726967,76.50399,19.620184,9.470899,41.710083,49.421524,8.87,31.091913,56.697392,42.992207,14.38215,36.285702
2016-02-29,10.46,26.075424,4.253,22.200001,42.451271,20.649651,36.232513,34.775002,32.48962,58.947926,3.168,22.026997,21.125259,13.593474,42.404999,24.115,41.342167,158.208206,3.969595,90.965004,19.510603,8.809915,45.023361,40.494102,8.941,32.800941,53.50771,42.034386,15.654776,33.050156
2016-03-31,9.302,27.36767,4.34,24.790001,42.647678,20.979256,33.4529,30.34,32.48061,57.200226,3.475,22.345379,20.268511,13.211308,43.700001,24.450001,47.526447,162.576996,3.696951,86.618393,19.500626,8.901585,45.337048,47.549568,9.283,31.860498,51.476826,40.633396,16.195272,37.432037
2016-04-30,9.019,33.832153,5.655,25.35,46.669281,23.811491,38.241634,28.530001,33.174656,59.644325,4.01,20.757656,20.358446,13.859537,50.400002,25.549999,50.798756,177.303177,3.350935,78.894165,19.201725,9.052114,48.542503,47.511559,7.626,33.321293,60.933563,40.399899,15.168328,39.660187
2016-05-31,7.678,35.472652,5.461,23.4,44.153439,20.892145,36.90538,26.809999,32.500938,54.235622,3.8,20.556198,16.93618,14.314266,37.330002,25.424999,47.696995,167.632965,3.251384,80.639679,19.425877,8.415253,43.327518,49.402519,6.766,29.16329,65.143066,36.020748,14.249482,39.163937
2016-06-30,8.01,32.517815,5.614,24.805,49.748634,22.212523,38.017757,29.295,33.524853,58.653725,4.092,22.239891,19.701563,15.04803,39.599998,24.719999,55.32851,176.320999,3.213526,88.611656,23.391787,9.816847,44.167976,49.477184,6.013,34.98978,70.179756,38.286572,15.325563,41.42918
2016-07-31,7.67,31.75355,5.535,27.209999,48.136856,20.469843,37.510788,31.43,39.026604,62.150558,4.497,22.930292,18.696285,16.025368,38.240002,24.805,52.476528,178.345413,3.24346,81.070847,23.655853,9.208202,30.887108,53.865509,6.234,34.553257,69.629936,35.691528,18.941982,44.198429
2016-08-31,8.96,33.131172,5.408,42.119999,49.556183,22.342318,40.395096,34.314999,40.781879,63.160973,5.023,23.184183,17.623665,15.981167,37.224998,27.040001,53.646824,184.71489,3.152777,81.061264,24.418121,10.759265,27.908497,49.477184,6.571,36.585514,72.732468,38.136482,23.108728,46.071163
2016-09-30,7.246,31.889851,4.512,30.1,46.068008,19.883343,39.701096,35.75,39.257809,64.369514,5.001,23.255451,17.517845,15.342705,40.330002,23.955,55.859573,183.134857,3.108756,79.211998,22.225935,12.109081,22.973639,50.14267,6.38,32.108723,70.26812,36.204723,32.203831,43.047897
2016-10-31,7.111,31.446869,3.87,30.360001,42.276718,20.465036,36.624825,37.404999,34.298683,73.552422,6.155,21.442585,18.297058,15.598089,42.0,19.424999,51.384907,173.309067,3.259307,80.007278,25.957621,13.738677,22.447712,42.3787,6.113,32.278488,68.82486,34.960457,37.200974,41.932228
2016-11-30,7.718,34.075554,3.099,32.5,47.545067,21.64044,38.337688,40.165001,38.592506,78.743195,7.442,23.838953,17.849731,16.133413,48.75,20.389999,54.345066,173.259689,3.583301,85.104744,26.585453,12.226883,23.209568,44.15815,6.4,31.614,69.217583,35.919079,43.264378,41.593544
2016-12-31,7.734,33.642307,3.414,35.5,45.139427,20.856838,35.832378,42.950001,40.409119,80.397499,7.04,24.729795,18.590466,17.380869,47.950001,19.469999,46.497192,178.740417,3.398413,96.200371,25.605562,11.61333,23.352106,46.96957,7.628,32.336685,63.817627,37.468357,48.664436,44.63673
2017-01-31,9.937,39.761303,3.234,38.900002,47.32375,22.241365,37.225307,49.744999,40.390247,84.627388,7.293,25.090588,19.14842,20.671398,53.810001,13.89,50.263783,189.998093,3.648452,96.775276,26.9,11.961828,23.386515,45.339615,8.4,33.966373,69.551392,37.647491,57.174816,43.416466
2017-02-28,10.545,38.924019,3.483,37.25,48.954773,25.445488,41.069416,47.865002,45.014366,95.47451,9.149,27.161797,17.190769,22.827431,55.07,13.09,55.299007,191.479355,4.093944,113.159996,27.209999,12.17289,23.273464,54.251297,8.702,35.954983,80.753838,40.16507,61.361214,51.699314
2017-03-31,10.09,40.618057,5.034,38.66,50.686836,26.113712,44.495148,42.950001,46.434631,99.506271,10.715,25.66518,18.02289,24.266424,55.720001,13.84,61.956921,212.167831,3.91786,114.213982,27.450001,13.208568,23.352106,51.59901,10.325,39.190105,82.530922,40.915504,64.859711,54.000381
2017-04-30,10.03,44.828823,5.856,38.5,54.968876,25.166658,49.791256,42.494999,53.082977,103.369629,12.445,28.315437,19.412966,24.37447,65.190002,12.74,68.437805,235.769455,3.898491,121.783531,29.969999,15.628421,24.752941,60.317799,11.155,41.396973,89.610527,47.417637,78.3918,59.100586
2017-05-31,9.029,44.6488,6.155,38.5,54.1269,25.589708,48.725021,37.380001,51.387695,91.411392,13.99,24.876783,17.479366,22.557312,62.099998,10.755,64.120491,231.607925,4.08523,126.445877,29.125,14.667317,26.136499,55.360435,10.295,37.746574,83.419258,47.404442,72.888557,55.504543
2017-06-30,6.437,44.511238,7.514,37.700001,60.106415,27.231201,49.944881,36.904999,55.168205,90.210571,12.2,26.762276,15.345815,23.115274,61.73,11.54,65.199883,246.465408,4.079625,141.345078,28.125,14.974747,30.469397,50.501842,12.2,36.383369,78.946121,50.69799,90.410507,64.610786
2017-07-31,4.753,41.170437,8.123,32.0,57.241856,28.215639,48.591133,38.185001,56.40564,89.158607,16.135,26.321396,15.467877,24.419849,59.68,11.67,63.502384,256.403534,4.246845,135.671539,26.955,16.025953,36.958801,50.785069,13.83,36.329231,82.392311,49.083214,80.593109,71.522316
2017-08-31,5.717,43.396,11.39,35.599998,62.605499,31.100384,47.524994,37.365002,57.818462,93.078651,20.09,26.537146,15.497172,27.812735,71.370003,9.658,68.267296,263.360229,4.435553,131.626053,26.629999,17.801107,32.958824,49.437309,16.76,40.655079,79.864449,51.859837,103.185905,77.315216
2017-09-30,5.33,44.963226,13.4,35.5,67.593788,31.012224,48.923374,42.650002,58.851284,97.901787,18.014999,26.907671,12.582298,28.675838,74.559998,8.874,76.069839,253.521484,4.075888,136.016891,29.075001,20.959686,39.547604,60.942085,16.49,40.177711,79.005379,53.474613,125.00235,84.446472
2017-10-31,6.102,48.834625,12.325,41.849998,70.823822,33.710857,56.331795,30.465,58.139999,69.826355,12.815,29.871876,12.084279,27.212532,79.309998,7.42,76.536407,260.875702,3.733039,155.898941,26.535,19.055613,33.296711,62.485168,17.35,45.271282,79.48922,55.729389,122.643822,89.450333
2017-11-30,6.037,50.858753,11.58,47.75,68.670464,33.990025,54.268944,25.950001,67.065132,71.75164,13.5,28.910385,12.73854,27.32662,76.580002,8.874,74.292923,266.937958,3.910535,154.073532,26.190001,24.614119,35.771229,63.325066,16.639999,46.122673,78.541283,56.458008,119.204285,92.956032
2017-12-31,6.795,51.831516,12.14,44.5,72.503059,37.246998,50.530018,24.49,65.282051,77.904617,14.685,28.947908,12.52859,33.135201,79.400002,10.625,78.670692,279.758118,3.802169,157.477661,26.940001,27.03388,43.527706,71.489746,16.040001,42.943497,95.041466,57.797089,131.193497,100.177185
2018-01-31,6.27,49.91547,16.415001,35.599998,69.29277,39.083633,46.374554,26.6,61.823078,83.561378,14.415,26.696611,13.358622,28.115316,82.150002,9.476,83.783043,255.409714,3.540595,144.453186,27.700001,30.306505,49.132645,72.075737,14.92,42.599003,109.606262,55.099232,119.10601,98.599113
2018-02-28,5.345,50.947186,15.675,32.150002,64.995926,40.969246,43.577801,19.295,53.346153,76.614471,15.9,23.178963,12.704362,28.492304,83.0,7.07,90.334801,235.036575,3.564884,124.620483,26.25,17.146582,45.694157,71.685081,12.4,41.850964,112.074867,50.313988,136.352798,95.802544
2018-03-31,5.72,55.319702,11.855,33.5,69.391548,47.85051,42.883572,17.735001,58.558971,60.735828,13.465,24.689207,12.889898,29.960571,86.0,9.52,99.070473,255.906631,3.700342,120.969681,27.290001,21.797676,50.832016,73.736015,12.76,40.217083,126.19532,52.952766,131.390045,112.961502
2018-04-30,6.15,58.738979,12.855,34.5,74.429222,47.605625,37.428909,18.73,57.682053,59.346447,14.975,23.028875,13.300031,35.079662,89.050003,10.48,103.041237,267.33548,3.378045,148.005325,31.059999,21.619169,51.17984,65.336945,15.14,40.236767,124.789917,53.760151,144.5,131.988174
2018-05-31,6.12,58.043842,11.1,32.700001,65.292259,42.854858,44.0,13.06,48.759998,61.5,14.735,22.690001,10.897822,33.313774,105.0,8.698,103.099998,276.5,3.376,140.899994,31.200001,19.9,35.48,66.100006,12.86,39.91,127.578522,49.060001,122.550003,137.781082
2018-06-30,7.195,65.988251,12.305,24.700001,76.75,46.279999,47.68,14.835,50.849998,65.650002,17.76,24.5,13.63,34.360001,112.400002,9.598,118.800003,278.5,3.747,140.399994,30.99,19.0,36.119999,72.099998,14.36,40.380001,138.434143,46.0,149.149994,159.75
2018-07-31,6.895,75.769806,10.76,24.0,89.650002,38.259998,50.200001,20.18,43.599998,69.5,22.059999,22.91,13.9,33.860001,101.699997,8.916,141.399994,321.0,3.583,135.300003,33.349998,19.700001,31.24,68.199997,14.78,42.5,155.763306,45.32,124.800003,191.300003
2018-08-31,6.75,71.996208,8.72,20.9,87.449997,38.919998,49.759998,18.815001,41.900002,54.650002,18.34,20.700001,11.49,31.74,92.099998,9.266,126.0,294.5,3.641,127.900002,32.599998,18.27,20.18,64.699997,14.0,39.259998,139.230881,40.75,105.449997,186.699997
2018-09-30,7.225,71.946556,11.105,15.3,78.5,36.080002,50.0,23.299999,39.439999,47.459999,17.450001,19.889999,10.15,26.639999,81.800003,8.24,116.099998,265.5,3.435,110.0,32.07,15.28,20.6,58.0,11.26,39.59,127.47892,36.580002,81.080002,165.399994
2018-10-31,7.45,60.576122,9.658,12.74,70.650002,35.139999,41.779999,22.940001,44.400002,48.119999,20.700001,18.174999,7.925,26.719999,100.900002,8.67,107.099998,265.5,3.577,123.800003,31.049999,12.88,18.5,54.900002,9.98,36.029999,111.643646,39.75,79.800003,133.449997
2018-11-30,6.255,67.825401,8.408,9.0,67.849998,28.66,40.439999,22.540001,44.5,46.580002,17.365,16.945,6.695,22.780001,88.949997,7.586,95.75,237.5,3.418,108.699997,29.68,11.83,16.59,50.299999,8.7,31.59,108.456673,38.200001,72.199997,132.800003
2018-12-31,7.455,78.599998,8.704,10.9,69.349998,33.860001,43.419998,25.530001,36.279999,48.459999,20.459999,18.58,7.67,28.200001,94.300003,9.95,111.900002,261.5,3.06,122.199997,32.200001,12.65,22.059999,59.900002,10.26,31.700001,130.367111,34.59,86.68,144.699997
2019-01-31,8.45,74.478836,7.858,8.92,75.400002,35.98,51.400002,26.809999,34.779999,49.400002,20.66,18.514999,7.88,32.02,90.300003,11.25,128.399994,301.0,2.886,134.100006,33.619999,12.81,23.120001,61.5,10.22,32.150002,138.832504,31.99,85.940002,120.5
2019-02-28,8.935,73.932655,8.012,9.7,82.550003,40.18,52.5,27.139999,31.74,42.259998,23.690001,19.155001,7.585,33.200001,81.150002,14.58,152.0,308.5,2.799,136.399994,36.139999,14.7,18.25,60.200001,10.14,30.15,152.277542,32.529999,78.639999,111.699997
2019-03-31,9.61,72.650002,8.8,9.45,85.050003,41.299999,55.700001,29.639999,34.34,44.360001,25.110001,20.059999,7.59,34.200001,89.400002,15.2,152.300003,332.5,2.923,149.600006,36.470001,15.38,20.1,63.5,10.9,31.42,158.600006,34.990002,87.5,110.099998
